id;name;type;is sub-project of;organization;category;client;invoice contact;standard calendar;project code;contract code;client code;sponsor;manager;issuer;creation date;last update;color;description;objectives;validated start date;planned start date;real start date;requested start date;validated end date;planned end date;real end date;requested end date;validated duration;planned duration;real duration;requested duration;validated work;assigned work;real work;left work;revised work;validated cost;assigned cost;real cost;left cost;revised cost;validated expenses;assigned expenses;real expenses;left expenses;revised expenses;risk reserve amount;total validated costs;total assigned costs;total real costs;total left costs;total revised costs;progress;expected;wbs;work margin;work margin (%);cost margin;cost margin (%);priority;strength;weakness;opportunity;threats;status;strategic value;return on investment;risk level;health status;quality level;trend;overall progress;fix planning;paused;non extendable project;allow reduction;under construction;exclude from global plan;validated work treatment;in progress;start date;done;done date;closed;closed date;cancelled;AM start time;AM end time;PM start time;PM end time;
28;"AP";"Internal";"";"AP";"";"";"";"default";"";"";"";"";"Eve Sullivan";"";2024-04-15;2026-02-17 10:15:47;"";"";"";;2024-01-22;2024-01-22;;;2027-02-04;;;;775;0;;0,00;0,00;22981,52;0,00;22981,52;;;;;;;;;;;;;;;;;100;0;"1";;;;;500;"";"";"";"";"done";;;"";"";"";"";"";0;0;0;0;0;0;0;0;;0;;0;;0;;;;;
3;"IB";"Internal";"AP";"AP";"";"";"";"default";"";"";"";"";"Raúl  Viñas Zamora";"";2024-02-01;2024-04-15 15:32:58;"#ffa500";"";"";;2024-01-25;2024-01-25;;;2026-09-30;;;;682;0;;0,00;0,00;4180,43;0,00;4180,43;;;;;;;;;;;;;;;;;100;0;"1.1";;;;;500;"";"";"";"";"verified";;;"";"";"";"";"";0;0;0;0;0;0;0;1;2024-04-02;0;;0;;0;;;;;
4;"UK";"Internal";"AP";"AP";"";"";"";"default";"";"";"";"";"Jenifer  Juaneda";"";2024-02-01;2024-04-15 15:32:59;"#ffa500";"";"";;2024-03-19;2024-03-19;;;2026-09-30;;;;644;0;;0,00;0,00;3111,14;0,00;3111,14;;;;;;;;;;;;;;;;;100;0;"1.2";;;;;500;"";"";"";"";"done";;;"";"";"";"";"";0;0;0;0;0;0;0;0;;0;;0;;0;;;;;
5;"DE";"Internal";"AP";"AP";"";"";"";"default";"";"";"";"";"Eve Sullivan";"TEST DUMMY";2024-02-01;2026-02-17 09:44:16;"#ffa500";"";"";;2024-03-12;2024-03-12;;;2026-09-30;;;;649;0;;0,00;0,00;1768,62;0,00;1768,62;;;;;;;;;;;;;;;;;100;0;"1.3";;;;;500;"";"";"";"";"recorded";;;"";"";"";"";"";0;0;0;0;0;0;0;0;;0;;0;;0;;;;;
7;"BE";"Internal";"AP";"AP";"";"";"";"default";"";"";"";"";"Elena  Carrascal";"";2024-02-01;2024-04-15 15:33:01;"#ffa500";"";"";;2024-03-27;2024-04-01;;;2026-09-30;;;;637;0;;0,00;0,00;1348,78;0,00;1348,78;;;;;;;;;;;;;;;;;100;0;"1.4";;;;;500;"";"";"";"";"recorded";;;"";"";"";"";"";0;0;0;0;0;0;0;0;;0;;0;;0;;;;;
10;"FR";"Internal";"AP";"AP";"";"";"";"default";"";"";"";"";"Diana Garcia";"";2024-02-01;2024-04-15 15:33:02;"#ffa500";"";"";;2024-03-08;2024-03-08;;;2026-09-30;;;;651;0;;0,00;0,00;4300,96;0,00;4300,96;;;;;;;;;;;;;;;;;100;0;"1.5";;;;;500;"";"";"";"";"recorded";;;"";"";"";"";"";0;0;0;0;0;0;0;0;;0;;0;;0;;;;;
8;"PS";"Internal";"AP";"AP";"";"";"";"default";"";"";"";"";"Alba  Fernandez Lopez";"";2024-02-01;2024-10-07 10:09:56;"#ffa500";"";"";;2024-03-19;2024-03-19;;;2026-09-30;;;;644;0;;0,00;0,00;2326,65;0,00;2326,65;;;;;;;;;;;;;;;;;100;0;"1.6";;;;;500;"";"";"";"";"recorded";;;"";"";"";"";"";0;0;0;0;0;0;0;0;;0;;0;;0;;;;;
6;"IT";"Internal";"AP";"AP";"";"";"";"default";"";"";"";"";"Eve Sullivan";"TEST DUMMY";2024-02-01;2026-02-17 09:44:16;"#ffa500";"";"";;2024-03-26;2024-03-26;;;2026-09-29;;;;638;0;;0,00;0,00;574,78;0,00;574,78;;;;;;;;;;;;;;;;;100;0;"1.7";;;;;500;"";"";"";"";"recorded";;;"";"";"";"";"";0;0;0;0;0;0;0;0;;0;;0;;0;;;;;
39;"Management";"Internal";"AP";"AP";"";"";"";"default";"";"";"";"";"Eve Sullivan";"Nieves Fraile";2024-04-15;2024-04-15 18:01:10;"";"";"";;;2024-04-12;;;2027-02-04;;;;718;0;;0,00;0,00;673,74;0,00;673,74;;;;;;;;;;;;;;;;;100;0;"1.8";;;;;500;"";"";"";"";"recorded";;;"";"";"";"";"";0;0;0;0;0;0;0;0;;0;;0;;0;;;;;
68;"PMS-TMS";"Internal";"AP";"AP";"";"";"";"default";"";"";"";"";"Jenifer  Juaneda";"Nieves Fraile";2024-10-07;2024-10-07 09:57:33;"";"";"";;2024-03-27;2024-04-01;;;2026-09-30;;;;637;0;;0,00;0,00;801,10;0,00;801,10;;;;;;;;;;;;;;;;;100;0;"1.9";;;;;500;"";"";"";"";"recorded";;;"";"";"";"";"";0;0;0;0;0;0;0;0;;0;;0;;0;;;;;
70;"Help Desk";"Internal";"AP";"AP";"";"";"";"default";"";"";"";"";"Isabella  Damaso";"Nieves Fraile";2024-10-21;2024-10-21 15:11:30;"";"";"";;2024-01-22;2024-01-22;;;2026-09-30;;;;685;0;;0,00;0,00;3610,63;0,00;3610,63;;;;;;;;;;;;;;;;;100;0;"1.10";;;;;500;"";"";"";"";"recorded";;;"";"";"";"";"";0;0;0;0;0;0;0;0;;0;;0;;0;;;;;
72;"MA";"Internal";"AP";"AP";"";"";"";"default";"";"";"";"";"Eve Sullivan";"general administrator backup";2026-02-20;2026-02-20 12:31:00;"";"";"";;;2026-02-20;;;2026-09-30;;;;159;0;;0,00;0,00;241,67;0,00;241,67;;;;;;;;;;;;;;;;;100;0;"1.11";;;;;500;"";"";"";"";"recorded";;;"";"";"";"";"";0;0;0;0;0;0;0;0;;0;;0;;0;;;;;
73;"PL & Others";"Internal";"AP";"AP";"";"";"";"default";"";"";"";"";"Eve Sullivan";"general administrator backup";2026-02-20;2026-02-20 12:31:27;"";"";"";;;2026-02-18;;;2026-09-30;;;;161;0;;0,00;0,00;43,03;0,00;43,03;;;;;;;;;;;;;;;;;100;0;"1.12";;;;;500;"";"";"";"";"recorded";;;"";"";"";"";"";0;0;0;0;0;0;0;0;;0;;0;;0;;;;;
29;"Banking";"Internal";"";"Banking";"";"";"";"default";"";"";"";"";"Francisco  Manzanilla";"Nieves Fraile";2024-04-15;2026-03-18 10:05:49;"";"";"";;2024-03-27;2024-04-15;;;2026-09-30;;;;627;0;;0,00;0,00;4856,68;477,91;5334,59;;;;;;;;;;;;;;;;;91;0;"2";;;;;500;"";"";"";"";"recorded";;;"";"";"";"";"";0;0;0;0;0;0;0;1;2026-02-17;0;;0;;0;;;;;
9;"Payment";"Internal";"Banking";"Banking";"";"";"";"default";"";"";"";"";"Francisco  Manzanilla";"";2024-02-01;2026-02-17 10:17:29;"#696969";"";"";;2024-03-27;2024-04-15;;;2026-09-29;;;;626;0;;0,00;0,00;1848,43;477,91;2326,34;;;;;;;;;;;;;;;;;79;0;"2.1";;;;;500;"";"";"";"";"recorded";;;"";"";"";"";"";0;0;0;0;0;0;0;1;2026-02-17;0;;0;;0;;;;;
31;"PS";"Internal";"Payment";"Banking";"";"";"";"default";"";"";"";"";"Francisco  Manzanilla";"Nieves Fraile";2024-04-15;2024-10-21 12:12:14;"";"";"";;;2024-04-15;;;2026-09-18;;;;619;0;;0,00;0,00;213,59;42,00;255,59;;;;;;;;;;;;;;;;;84;0;"2.1.1";;;;;500;"";"";"";"";"recorded";;;"";"";"";"";"";0;0;0;0;0;0;0;0;;0;;0;;0;;;;;
32;"BE";"Internal";"Payment";"Banking";"";"";"";"default";"";"";"";"";"Francisco  Manzanilla";"Nieves Fraile";2024-04-15;2024-04-15 16:00:46;"";"";"";;;2024-04-18;;;2026-08-31;;;;602;0;;0,00;0,00;75,41;0,00;75,41;;;;;;;;;;;;;;;;;100;0;"2.1.2";;;;;500;"";"";"";"";"recorded";;;"";"";"";"";"";0;0;0;0;0;0;0;0;;0;;0;;0;;;;;
33;"IT";"Internal";"Payment";"Banking";"";"";"";"default";"";"";"";"";"Francisco  Manzanilla";"Nieves Fraile";2024-04-15;2024-04-15 16:00:47;"";"";"";;;2024-04-16;;;2026-09-29;;;;625;0;;0,00;0,00;70,51;0,00;70,51;;;;;;;;;;;;;;;;;100;0;"2.1.3";;;;;500;"";"";"";"";"recorded";;;"";"";"";"";"";0;0;0;0;0;0;0;0;;0;;0;;0;;;;;
34;"DE";"Internal";"Payment";"Banking";"";"";"";"default";"";"";"";"";"Francisco  Manzanilla";"Nieves Fraile";2024-04-15;2024-04-15 16:00:47;"";"";"";;;2024-04-15;;;2026-09-25;;;;624;0;;0,00;0,00;78,36;0,00;78,36;;;;;;;;;;;;;;;;;100;0;"2.1.4";;;;;500;"";"";"";"";"recorded";;;"";"";"";"";"";0;0;0;0;0;0;0;0;;0;;0;;0;;;;;
35;"IB";"Internal";"Payment";"Banking";"";"";"";"default";"";"";"";"";"Francisco  Manzanilla";"Nieves Fraile";2024-04-15;2024-04-15 16:00:47;"";"";"";;;2024-04-15;;;2026-09-28;;;;625;0;;0,00;0,00;415,76;0,00;415,76;;;;;;;;;;;;;;;;;100;0;"2.1.5";;;;;500;"";"";"";"";"recorded";;;"";"";"";"";"";0;0;0;0;0;0;0;0;;0;;0;;0;;;;;
36;"UK";"Internal";"Payment";"Banking";"";"";"";"default";"";"";"";"";"Francisco  Manzanilla";"Nieves Fraile";2024-04-15;2024-04-15 16:00:47;"";"";"";;;2024-04-15;;;2026-09-24;;;;623;0;;0,00;0,00;593,21;435,91;1029,12;;;;;;;;;;;;;;;;;58;0;"2.1.6";;;;;500;"";"";"";"";"recorded";;;"";"";"";"";"";0;0;0;0;0;0;0;0;;0;;0;;0;;;;;
37;"FR";"Internal";"Payment";"Banking";"";"";"";"default";"";"";"";"";"Francisco  Manzanilla";"Nieves Fraile";2024-04-15;2024-04-15 16:00:47;"";"";"";;2024-03-27;2024-04-15;;;2026-09-28;;;;625;0;;0,00;0,00;275,48;0,00;275,48;;;;;;;;;;;;;;;;;100;0;"2.1.7";;;;;500;"";"";"";"";"recorded";;;"";"";"";"";"";0;0;0;0;0;0;0;0;;0;;0;;0;;;;;
69;"PMS-TMS";"Internal";"Payment";"Banking";"";"";"";"default";"";"";"";"";"Francisco  Manzanilla";"Nieves Fraile";2024-10-21;2024-10-25 12:59:28;"";"";"";;;2024-10-21;;;2026-09-25;;;;493;0;;0,00;0,00;107,31;0,00;107,31;;;;;;;;;;;;;;;;;100;0;"2.1.8";;;;;500;"";"";"";"";"recorded";;;"";"";"";"";"";0;0;0;0;0;0;0;0;;0;;0;;0;;;;;
74;"PL & Others";"Internal";"Payment";"Banking";"";"";"";"default";"";"";"";"";"Francisco  Manzanilla";"general administrator backup";2026-03-18;2026-03-18 09:49:21;"";"";"";;;2026-03-20;;;2026-09-16;;;;129;0;;0,00;0,00;15,42;0,00;15,42;;;;;;;;;;;;;;;;;100;0;"2.1.9";;;;;500;"";"";"";"";"recorded";;;"";"";"";"";"";0;0;0;0;0;0;0;0;;0;;0;;0;;;;;
75;"Marruecos";"Internal";"Payment";"Banking";"";"";"";"default";"";"";"";"";"Francisco  Manzanilla";"general administrator backup";2026-08-06;2026-08-06 15:24:12;"";"";"";;;2026-08-04;;;2026-09-23;;;;37;0;;0,00;0,00;3,38;0,00;3,38;;;;;;;;;;;;;;;;;100;0;"2.1.10";;;;;500;"";"";"";"";"recorded";;;"";"";"";"";"";0;0;0;0;0;0;0;0;;0;;0;;0;;;;;
14;"Collections";"Internal";"Banking";"Banking";"";"";"";"default";"";"";"";"";"Francisco  Manzanilla";"Nieves Fraile";2024-04-01;2024-04-15 16:57:23;"#696969";"";"";;;2024-04-15;;;2026-09-30;;;;627;0;;0,00;0,00;785,28;0,00;785,28;;;;;;;;;;;;;;;;;100;0;"2.2";;;;;500;"";"";"";"";"recorded";;;"";"";"";"";"";0;0;0;0;0;0;0;0;;0;;0;;0;;;;;
16;"Treasury";"Internal";"Banking";"Banking";"";"";"";"default";"";"";"";"";"Francisco  Manzanilla";"Nieves Fraile";2024-04-01;2024-04-15 15:33:04;"#696969";"";"";;;2024-04-15;;;2026-09-30;;;;627;0;;0,00;0,00;1428,68;0,00;1428,68;;;;;;;;;;;;;;;;;100;0;"2.3";;;;;500;"";"";"";"";"recorded";;;"";"";"";"";"";0;0;0;0;0;0;0;0;;0;;0;;0;;;;;
38;"Bank reconciliation";"Internal";"Banking";"Banking";"";"";"";"default";"";"";"";"";"Francisco  Manzanilla";"Nieves Fraile";2024-04-15;2024-04-15 17:00:59;"";"";"";;;2024-04-15;;;2026-09-30;;;;627;0;;0,00;0,00;389,39;0,00;389,39;;;;;;;;;;;;;;;;;100;0;"2.4";;;;;500;"";"";"";"";"recorded";;;"";"";"";"";"";0;0;0;0;0;0;0;0;;0;;0;;0;;;;;
51;"Management";"Internal";"Banking";"Banking";"";"";"";"default";"";"";"";"";"Francisco  Manzanilla";"Nieves Fraile";2024-05-27;2024-05-30 12:41:36;"";"";"";;;2024-05-27;;;2026-09-11;;;;586;0;;0,00;0,00;404,91;0,00;404,91;;;;;;;;;;;;;;;;;100;0;"2.5";;;;;500;"";"";"";"";"recorded";;;"";"";"";"";"";0;0;0;0;0;0;0;0;;0;;0;;0;;;;;
30;"Q2C";"Internal";"";"Q2C";"";"";"";"default";"";"";"";"";"Marcos  Ingelmo Gomez";"Nieves Fraile";2024-04-15;2024-04-15 15:33:05;"";"";"";;2024-04-12;2024-04-12;;;2026-09-30;;;;628;0;;0,00;0,00;7989,49;0,00;7989,49;;;;;;;;;;;;;;;;;100;0;"3";;;;;500;"";"";"";"";"recorded";;;"";"";"";"";"";0;0;0;0;0;0;0;0;;0;;0;;0;;;;;
18;"Credit&Risk";"Internal";"Q2C";"Q2C";"";"";"";"default";"";"";"";"";"Maria Eugenia  Molina Garcia";"Nieves Fraile";2024-04-10;2024-04-15 15:33:05;"#98fb98";"";"";;;2024-04-15;;;2026-09-30;;;;627;0;;0,00;0,00;2075,79;0,00;2075,79;;;;;;;;;;;;;;;;;100;0;"3.1";;;;;500;"";"";"";"";"recorded";;;"";"";"";"";"";0;0;0;0;0;0;0;0;;0;;0;;0;;;;;
24;"Cr. Packaging Iberia";"Internal";"Credit&Risk";"Q2C";"";"";"";"default";"";"";"";"";"Maria Eugenia  Molina Garcia";"Nieves Fraile";2024-04-11;2024-04-15 15:33:05;"";"";"";;;2024-04-15;;;2026-09-08;;;;611;0;;0,00;0,00;1607,20;0,00;1607,20;;;;;;;;;;;;;;;;;100;0;"3.1.1";;;;;500;"";"";"";"";"recorded";;;"";"";"";"";"";0;0;0;0;0;0;0;0;;0;;0;;0;;;;;
25;"Cr. Recycling Iberia";"Internal";"Credit&Risk";"Q2C";"";"";"";"default";"";"";"";"";"Maria Eugenia  Molina Garcia";"Nieves Fraile";2024-04-11;2024-04-15 15:33:05;"";"";"";;;2024-04-15;;;2026-08-21;;;;599;0;;0,00;0,00;140,87;0,00;140,87;;;;;;;;;;;;;;;;;100;0;"3.1.2";;;;;500;"";"";"";"";"recorded";;;"";"";"";"";"";0;0;0;0;0;0;0;0;;0;;0;;0;;;;;
26;"Cr. Paper";"Internal";"Credit&Risk";"Q2C";"";"";"";"default";"";"";"";"";"Maria Eugenia  Molina Garcia";"Nieves Fraile";2024-04-11;2024-04-15 15:33:05;"";"";"";;;2024-04-15;;;2026-09-08;;;;611;0;;0,00;0,00;201,91;0,00;201,91;;;;;;;;;;;;;;;;;100;0;"3.1.3";;;;;500;"";"";"";"";"recorded";;;"";"";"";"";"";0;0;0;0;0;0;0;0;;0;;0;;0;;;;;
27;"Cr. Recycling FR";"Internal";"Credit&Risk";"Q2C";"Run";"";"";"default";"";"";"";"";"Maria Eugenia  Molina Garcia";"Nieves Fraile";2024-04-11;2025-07-22 08:41:04;"";"";"";;;2024-04-16;;;2026-04-28;;;;515;0;;0,00;0,00;8,84;0,00;8,84;;;;;;;;;;;;;;;;;100;0;"3.1.4";;;;;500;"";"";"";"";"recorded";;;"";"";"";"";"";0;0;0;0;0;0;0;0;;0;;0;;0;;;;;
52;"Projects";"Internal";"Credit&Risk";"Q2C";"";"";"";"default";"";"";"";"";"Maria Eugenia  Molina Garcia";"Nieves Fraile";2024-05-29;2024-05-29 13:37:24;"";"";"";;;2024-06-03;;;2026-03-27;;;;461;0;;0,00;0,00;16,50;0,00;16,50;;;;;;;;;;;;;;;;;100;0;"3.1.5";;;;;500;"";"";"";"";"recorded";;;"";"";"";"";"";0;0;0;0;0;0;0;0;;0;;0;;0;;;;;
71;"Cr. Packaging Francia";"Internal";"Credit&Risk";"Q2C";"Run";"";"";"default";"";"";"";"";"";"Nieves Fraile";2025-07-22;2025-07-22 08:43:56;"";"";"";;;2025-07-09;;;2026-09-30;;;;317;0;;0,00;0,00;100,47;0,00;100,47;;;;;;;;;;;;;;;;;100;0;"3.1.6";;;;;500;"";"";"";"";"recorded";;;"";"";"";"";"";0;0;0;0;0;0;0;0;;0;;0;;0;;;;;
19;"Billing";"Internal";"Q2C";"Q2C";"";"";"";"default";"";"";"";"";"Salome Nacher";"Nieves Fraile";2024-04-10;2024-05-30 12:39:49;"#98fb98";"";"";;;2024-04-12;;;2026-09-30;;;;628;0;;0,00;0,00;1266,41;0,00;1266,41;;;;;;;;;;;;;;;;;100;0;"3.2";;;;;500;"";"";"";"";"recorded";;;"";"";"";"";"";0;0;0;0;0;0;0;0;;0;;0;;0;;;;;
17;"Collections";"Internal";"Q2C";"Q2C";"";"";"";"default";"";"";"";"";"Zoilo  Gil Perez";"Nieves Fraile";2024-04-10;2024-11-11 17:02:33;"#98fb98";"";"";;2024-04-15;2024-04-15;;;2026-09-29;;;;626;0;;0,00;0,00;3521,33;0,00;3521,33;;;;;;;;;;;;;;;;;100;0;"3.3";;;;;500;"";"";"";"";"recorded";;;"";"";"";"";"";0;0;0;0;0;0;0;0;;0;;0;;0;;;;;
20;"Col. Packaging Iberia";"Internal";"Collections";"Q2C";"";"";"";"default";"";"";"";"";"Zoilo  Gil Perez";"Nieves Fraile";2024-04-11;2024-11-11 17:02:50;"";"";"";;2024-04-15;2024-04-15;;;2026-09-01;;;;606;0;;0,00;0,00;2580,14;0,00;2580,14;;;;;;;;;;;;;;;;;100;0;"3.3.1";;;;;500;"";"";"";"";"recorded";;;"";"";"";"";"";0;0;0;0;0;0;0;0;;0;;0;;0;;;;;
21;"Col. Recycling Iberia";"Internal";"Collections";"Q2C";"";"";"";"default";"";"";"";"";"Zoilo  Gil Perez";"Nieves Fraile";2024-04-11;2024-11-11 17:02:59;"";"";"";;;2024-04-15;;;2026-09-29;;;;626;0;;0,00;0,00;270,74;0,00;270,74;;;;;;;;;;;;;;;;;100;0;"3.3.2";;;;;500;"";"";"";"";"recorded";;;"";"";"";"";"";0;0;0;0;0;0;0;0;;0;;0;;0;;;;;
22;"Col. Paper";"Internal";"Collections";"Q2C";"";"";"";"default";"";"";"";"";"Zoilo  Gil Perez";"Nieves Fraile";2024-04-11;2024-11-11 17:03:08;"";"";"";;;2024-04-15;;;2026-05-28;;;;538;0;;0,00;0,00;233,71;0,00;233,71;;;;;;;;;;;;;;;;;100;0;"3.3.3";;;;;500;"";"";"";"";"recorded";;;"";"";"";"";"";0;0;0;0;0;0;0;0;;0;;0;;0;;;;;
23;"Col. Recycling FR";"Internal";"Collections";"Q2C";"";"";"";"default";"";"";"";"";"Zoilo  Gil Perez";"Nieves Fraile";2024-04-11;2024-11-11 17:03:17;"";"";"";;;2024-04-15;;;2026-09-01;;;;606;0;;0,00;0,00;37,08;0,00;37,08;;;;;;;;;;;;;;;;;100;0;"3.3.4";;;;;500;"";"";"";"";"recorded";;;"";"";"";"";"";0;0;0;0;0;0;0;0;;0;;0;;0;;;;;
53;"Projects";"Internal";"Collections";"Q2C";"";"";"";"default";"";"";"";"";"Zoilo  Gil Perez";"Nieves Fraile";2024-05-29;2024-11-11 17:03:29;"";"";"";;;2024-05-29;;;2026-09-29;;;;596;0;;0,00;0,00;399,66;0,00;399,66;;;;;;;;;;;;;;;;;100;0;"3.3.5";;;;;500;"";"";"";"";"recorded";;;"";"";"";"";"";0;0;0;0;0;0;0;0;;0;;0;;0;;;;;
54;"Management";"Internal";"Q2C";"Q2C";"";"";"";"default";"";"";"";"";"Marcos  Ingelmo Gomez";"Nieves Fraile";2024-05-29;2024-05-29 15:48:23;"";"";"";;;2024-05-27;;;2026-09-30;;;;599;0;;0,00;0,00;1125,96;0,00;1125,96;;;;;;;;;;;;;;;;;100;0;"3.4";;;;;500;"";"";"";"";"recorded";;;"";"";"";"";"";0;0;0;0;0;0;0;0;;0;;0;;0;;;;;
40;"R2R";"Internal";"";"R2R";"";"";"";"default";"";"";"";"";"Rut  Alvarez";"Nieves Fraile";2024-04-16;2024-04-16 14:32:52;"";"";"";;;2024-05-16;;;2026-12-28;;;;668;0;;0,00;0,00;7620,79;0,00;7620,79;;;;;;;;;;;;;;;;;100;0;"4";;;;;500;"";"";"";"";"recorded";;;"";"";"";"";"";0;0;0;0;0;0;0;0;;0;;0;;0;;;;;
45;"Iberia Packaging";"Internal";"R2R";"R2R";"";"";"";"default";"";"";"";"";"Rut  Alvarez";"Nieves Fraile";2024-04-16;2024-04-16 14:37:17;"";"";"";;;2024-05-20;;;2026-04-30;;;;495;0;;0,00;0,00;2082,68;0,00;2082,68;;;;;;;;;;;;;;;;;100;0;"4.1";;;;;500;"";"";"";"";"recorded";;;"";"";"";"";"";0;0;0;0;0;0;0;0;;0;;0;;0;;;;;
41;"Cluster Est Iberia Packaging";"Internal";"Iberia Packaging";"R2R";"";"";"";"default";"";"";"";"";"Rut  Alvarez";"Nieves Fraile";2024-04-16;2024-04-16 14:37:17;"";"";"";;;2024-05-20;;;2026-03-20;;;;466;0;;0,00;0,00;454,48;0,00;454,48;;;;;;;;;;;;;;;;;100;0;"4.1.1";;;;;500;"";"";"";"";"recorded";;;"";"";"";"";"";0;0;0;0;0;0;0;0;;0;;0;;0;;;;;
42;"Cluster West  Iberia Packaging";"Internal";"Iberia Packaging";"R2R";"";"";"";"default";"";"";"";"";"Rut  Alvarez";"Nieves Fraile";2024-04-16;2024-04-16 14:37:17;"";"";"";;;2024-05-20;;;2026-04-21;;;;488;0;;0,00;0,00;526,28;0,00;526,28;;;;;;;;;;;;;;;;;100;0;"4.1.2";;;;;500;"";"";"";"";"recorded";;;"";"";"";"";"";0;0;0;0;0;0;0;0;;0;;0;;0;;;;;
44;"Cluster Portugal Iberia Packaging";"Internal";"Iberia Packaging";"R2R";"";"";"";"default";"";"";"";"";"Rut  Alvarez";"Nieves Fraile";2024-04-16;2024-04-16 14:37:17;"";"";"";;;2024-05-20;;;2026-04-20;;;;487;0;;0,00;0,00;541,45;0,00;541,45;;;;;;;;;;;;;;;;;100;0;"4.1.3";;;;;500;"";"";"";"";"recorded";;;"";"";"";"";"";0;0;0;0;0;0;0;0;;0;;0;;0;;;;;
43;"Cluster Tecnicarton Iberia Packaging";"Internal";"Iberia Packaging";"R2R";"";"";"";"default";"";"";"";"";"";"Nieves Fraile";2024-04-16;2024-04-16 14:37:17;"";"";"";;;2024-05-20;;;2026-04-30;;;;495;0;;0,00;0,00;560,47;0,00;560,47;;;;;;;;;;;;;;;;;100;0;"4.1.4";;;;;500;"";"";"";"";"recorded";;;"";"";"";"";"";0;0;0;0;0;0;0;0;;0;;0;;0;;;;;
46;"Cluster Recycling";"Internal";"R2R";"R2R";"";"";"";"default";"";"";"";"";"Cristina  Varela Rico";"Nieves Fraile";2024-04-16;2024-04-16 14:38:21;"";"";"";;;2024-05-20;;;2026-05-26;;;;513;0;;0,00;0,00;580,63;0,00;580,63;;;;;;;;;;;;;;;;;100;0;"4.2";;;;;500;"";"";"";"";"recorded";;;"";"";"";"";"";0;0;0;0;0;0;0;0;;0;;0;;0;;;;;
47;"Cluster Paper";"Internal";"R2R";"R2R";"";"";"";"default";"";"";"";"";"Cristina  Varela Rico";"Nieves Fraile";2024-04-16;2024-04-16 14:48:37;"";"";"";;;2024-05-20;;;2026-09-30;;;;604;0;;0,00;0,00;741,01;0,00;741,01;;;;;;;;;;;;;;;;;100;0;"4.3";;;;;500;"";"";"";"";"recorded";;;"";"";"";"";"";0;0;0;0;0;0;0;0;;0;;0;;0;;;;;
48;"Cluster France";"Internal";"R2R";"R2R";"";"";"";"default";"";"";"";"";"Cristina  Varela Rico";"Nieves Fraile";2024-04-16;2024-04-16 14:49:23;"";"";"";;;2024-05-20;;;2026-12-28;;;;666;0;;0,00;0,00;1227,15;0,00;1227,15;;;;;;;;;;;;;;;;;100;0;"4.4";;;;;500;"";"";"";"";"recorded";;;"";"";"";"";"";0;0;0;0;0;0;0;0;;0;;0;;0;;;;;
49;"Cross Tasks";"Internal";"R2R";"R2R";"";"";"";"default";"";"";"";"";"Cristina  Varela Rico";"Nieves Fraile";2024-04-16;2024-04-16 14:49:57;"";"";"";;;2024-05-20;;;2026-12-17;;;;660;0;;0,00;0,00;1404,32;0,00;1404,32;;;;;;;;;;;;;;;;;100;0;"4.5";;;;;500;"";"";"";"";"recorded";;;"";"";"";"";"";0;0;0;0;0;0;0;0;;0;;0;;0;;;;;
50;"Projects";"Internal";"R2R";"R2R";"";"";"";"default";"";"";"";"";"Cristina  Varela Rico";"Nieves Fraile";2024-04-16;2026-03-04 09:14:03;"";"";"";;;2024-05-16;;;2026-12-24;;;;667;0;;0,00;0,00;1585,00;0,00;1585,00;;;;;;;;;;;;;;;;;100;0;"4.6";;;;;500;"";"";"";"";"recorded";;;"";"";"";"";"";0;0;0;0;0;0;0;0;;0;;0;;0;;;;;
55;"Management";"Internal";"R2R";"R2R";"";"";"";"default";"";"";"";"";"Rut  Alvarez";"Nieves Fraile";2024-05-29;2024-05-29 16:05:43;"";"";"";;;;;;;;;;0;0;;0,00;0,00;0,00;0,00;0,00;;;;;;;;;;;;;;;;;0;0;"4.7";;;;;500;"";"";"";"";"recorded";;;"";"";"";"";"";0;0;0;0;0;0;0;0;;0;;0;;0;;;;;
56;"General Management";"Internal";"";"Iberia SSC";"";"";"";"default";"";"";"";"";"Alfonso Barrios";"Nieves Fraile";2024-06-17;2024-06-17 17:52:00;"";"";"";;;2024-06-18;;;2025-11-13;;;;357;0;;0,00;0,00;495,91;0,00;495,91;;;;;;;;;;;;;;;;;100;0;"5";;;;;500;"";"";"";"";"recorded";;;"";"";"";"";"";0;0;0;0;0;0;0;0;;0;;0;;0;;;;;
57;"Management";"Internal";"General Management";"Iberia SSC";"";"";"";"default";"";"";"";"";"Alfonso Barrios";"Nieves Fraile";2024-06-18;2024-06-18 09:29:58;"";"";"";;;2024-06-21;;;2025-11-13;;;;354;0;;0,00;0,00;116,13;0,00;116,13;;;;;;;;;;;;;;;;;100;0;"5.1";;;;;500;"";"";"";"";"recorded";;;"";"";"";"";"";0;0;0;0;0;0;0;0;;0;;0;;0;;;;;
58;"IB";"Internal";"Management";"Iberia SSC";"";"";"";"default";"";"";"";"";"Alfonso Barrios";"Nieves Fraile";2024-06-18;2024-06-18 10:01:54;"";"";"";;;2024-06-21;;;2025-11-12;;;;353;0;;0,00;0,00;22,31;0,00;22,31;;;;;;;;;;;;;;;;;100;0;"5.1.1";;;;;500;"";"";"";"";"recorded";;;"";"";"";"";"";0;0;0;0;0;0;0;0;;0;;0;;0;;;;;
59;"UK";"Internal";"Management";"Iberia SSC";"";"";"";"default";"";"";"";"";"Alfonso Barrios";"Nieves Fraile";2024-06-18;2024-06-18 10:02:12;"";"";"";;;2024-07-09;;;2025-11-05;;;;336;0;;0,00;0,00;7,22;0,00;7,22;;;;;;;;;;;;;;;;;100;0;"5.1.2";;;;;500;"";"";"";"";"recorded";;;"";"";"";"";"";0;0;0;0;0;0;0;0;;0;;0;;0;;;;;
60;"DE";"Internal";"Management";"Iberia SSC";"";"";"";"default";"";"";"";"";"Alfonso Barrios";"Nieves Fraile";2024-06-18;2024-06-18 10:02:26;"";"";"";;;2024-07-09;;;2025-10-14;;;;320;0;;0,00;0,00;3,81;0,00;3,81;;;;;;;;;;;;;;;;;100;0;"5.1.3";;;;;500;"";"";"";"";"recorded";;;"";"";"";"";"";0;0;0;0;0;0;0;0;;0;;0;;0;;;;;
61;"BE";"Internal";"Management";"Iberia SSC";"";"";"";"default";"";"";"";"";"Alfonso Barrios";"Nieves Fraile";2024-06-18;2024-06-18 10:02:54;"";"";"";;;2024-07-15;;;2025-10-30;;;;328;0;;0,00;0,00;2,00;0,00;2,00;;;;;;;;;;;;;;;;;100;0;"5.1.4";;;;;500;"";"";"";"";"recorded";;;"";"";"";"";"";0;0;0;0;0;0;0;0;;0;;0;;0;;;;;
62;"FR";"Internal";"Management";"Iberia SSC";"";"";"";"default";"";"";"";"";"Alfonso Barrios";"Nieves Fraile";2024-06-18;2024-06-18 10:03:03;"";"";"";;;2024-06-26;;;2025-11-07;;;;347;0;;0,00;0,00;4,22;0,00;4,22;;;;;;;;;;;;;;;;;100;0;"5.1.5";;;;;500;"";"";"";"";"recorded";;;"";"";"";"";"";0;0;0;0;0;0;0;0;;0;;0;;0;;;;;
63;"NL";"Internal";"Management";"Iberia SSC";"";"";"";"default";"";"";"";"";"Alfonso Barrios";"Nieves Fraile";2024-06-18;2024-06-18 09:40:27;"";"";"";;;2024-06-21;;;2025-10-27;;;;341;0;;0,00;0,00;4,50;0,00;4,50;;;;;;;;;;;;;;;;;100;0;"5.1.6";;;;;500;"";"";"";"";"recorded";;;"";"";"";"";"";0;0;0;0;0;0;0;0;;0;;0;;0;;;;;
64;"IT";"Internal";"Management";"Iberia SSC";"";"";"";"default";"";"";"";"";"Alfonso Barrios";"Nieves Fraile";2024-06-18;2024-06-18 10:03:13;"";"";"";;;2024-08-06;;;2025-10-08;;;;296;0;;0,00;0,00;1,88;0,00;1,88;;;;;;;;;;;;;;;;;100;0;"5.1.7";;;;;500;"";"";"";"";"recorded";;;"";"";"";"";"";0;0;0;0;0;0;0;0;;0;;0;;0;;;;;
65;"Cross Tasks";"Internal";"Management";"Iberia SSC";"";"";"";"default";"";"";"";"";"Alfonso Barrios";"Nieves Fraile";2024-06-18;2024-06-18 09:43:04;"";"";"";;;2024-06-21;;;2025-11-13;;;;354;0;;0,00;0,00;70,19;0,00;70,19;;;;;;;;;;;;;;;;;100;0;"5.1.8";;;;;500;"";"";"";"";"recorded";;;"";"";"";"";"";0;0;0;0;0;0;0;0;;0;;0;;0;;;;;
66;"Human Resources";"Internal";"General Management";"Iberia SSC";"";"";"";"default";"";"";"";"";"María Mongil Gonzalez";"Nieves Fraile";2024-06-18;2024-06-18 09:48:03;"";"";"";;;2024-06-25;;;2024-08-26;;;;43;0;;0,00;0,00;31,44;0,00;31,44;;;;;;;;;;;;;;;;;100;0;"5.2";;;;;500;"";"";"";"";"recorded";;;"";"";"";"";"";0;0;0;0;0;0;0;0;;0;;0;;0;;;;;
67;"Continuous Improvement Office";"Internal";"General Management";"Iberia SSC";"";"";"";"default";"";"";"";"";"Nieves Fraile";"Nieves Fraile";2024-06-18;2024-06-18 09:50:30;"";"";"";;;2024-06-18;;;2025-11-13;;;;357;0;;0,00;0,00;348,34;0,00;348,34;;;;;;;;;;;;;;;;;100;0;"5.3";;;;;500;"";"";"";"";"recorded";;;"";"";"";"";"";0;0;0;0;0;0;0;0;;0;;0;;0;;;;;
