idProject;refType;refId;idResource;rate
31;Activity;635;267;100
31;Activity;635;257;100
31;Activity;635;255;100
31;Activity;635;229;100
31;Activity;635;227;100
31;Activity;635;202;100
31;Activity;635;200;100
31;Activity;635;199;100
31;Activity;635;197;100
31;Activity;635;195;100
31;Activity;635;194;100
31;Activity;635;180;100
31;Activity;635;119;100
31;Activity;635;90;100
31;Activity;635;87;100
31;Activity;635;77;100
31;Activity;635;66;100
31;Activity;635;53;100
31;Activity;635;47;100
31;Activity;635;42;100
31;Activity;635;40;100
31;Activity;635;39;100
31;Activity;635;34;100
31;Activity;635;22;100
31;Activity;635;20;100
31;Activity;637;267;100
31;Activity;637;257;100
31;Activity;637;255;100
31;Activity;637;229;100
31;Activity;637;227;100
31;Activity;637;202;100
31;Activity;637;200;100
31;Activity;637;199;100
31;Activity;637;197;100
31;Activity;637;195;100
31;Activity;637;194;100
31;Activity;637;180;100
31;Activity;637;119;100
31;Activity;637;90;100
31;Activity;637;87;100
31;Activity;637;77;100
31;Activity;637;66;100
31;Activity;637;53;100
31;Activity;637;47;100
31;Activity;637;42;100
31;Activity;637;40;100
31;Activity;637;39;100
31;Activity;637;34;100
31;Activity;637;22;100
31;Activity;637;20;100
31;Activity;638;267;100
31;Activity;638;257;100
31;Activity;638;255;100
31;Activity;638;229;100
31;Activity;638;227;100
31;Activity;638;202;100
31;Activity;638;200;100
31;Activity;638;199;100
31;Activity;638;197;100
31;Activity;638;195;100
31;Activity;638;194;100
31;Activity;638;180;100
31;Activity;638;119;100
31;Activity;638;90;100
31;Activity;638;87;100
31;Activity;638;77;100
31;Activity;638;66;100
31;Activity;638;53;100
31;Activity;638;47;100
31;Activity;638;42;100
31;Activity;638;40;100
31;Activity;638;39;100
31;Activity;638;34;100
31;Activity;638;22;100
31;Activity;638;20;100
31;Activity;639;267;100
31;Activity;639;257;100
31;Activity;639;255;100
31;Activity;639;229;100
31;Activity;639;227;100
31;Activity;639;202;100
31;Activity;639;200;100
31;Activity;639;199;100
31;Activity;639;197;100
31;Activity;639;195;100
31;Activity;639;194;100
31;Activity;639;180;100
31;Activity;639;119;100
31;Activity;639;90;100
31;Activity;639;87;100
31;Activity;639;77;100
31;Activity;639;66;100
31;Activity;639;53;100
31;Activity;639;47;100
31;Activity;639;42;100
31;Activity;639;40;100
31;Activity;639;39;100
31;Activity;639;34;100
31;Activity;639;22;100
31;Activity;639;20;100
31;Activity;640;267;100
31;Activity;640;257;100
31;Activity;640;255;100
31;Activity;640;229;100
31;Activity;640;227;100
31;Activity;640;202;100
31;Activity;640;200;100
31;Activity;640;199;100
31;Activity;640;197;100
31;Activity;640;195;100
31;Activity;640;194;100
31;Activity;640;180;100
31;Activity;640;119;100
31;Activity;640;90;100
31;Activity;640;87;100
31;Activity;640;77;100
31;Activity;640;66;100
31;Activity;640;53;100
31;Activity;640;47;100
31;Activity;640;42;100
31;Activity;640;40;100
31;Activity;640;39;100
31;Activity;640;34;100
31;Activity;640;22;100
31;Activity;640;20;100
32;Activity;641;267;100
32;Activity;641;257;100
32;Activity;641;255;100
32;Activity;641;229;100
32;Activity;641;227;100
32;Activity;641;202;100
32;Activity;641;200;100
32;Activity;641;199;100
32;Activity;641;197;100
32;Activity;641;195;100
32;Activity;641;194;100
32;Activity;641;180;100
32;Activity;641;119;100
32;Activity;641;90;100
32;Activity;641;87;100
32;Activity;641;77;100
32;Activity;641;66;100
32;Activity;641;53;100
32;Activity;641;47;100
32;Activity;641;42;100
32;Activity;641;40;100
32;Activity;641;39;100
32;Activity;641;34;100
32;Activity;641;22;100
32;Activity;641;20;100
32;Activity;642;267;100
32;Activity;642;257;100
32;Activity;642;255;100
32;Activity;642;229;100
32;Activity;642;227;100
32;Activity;642;202;100
32;Activity;642;200;100
32;Activity;642;199;100
32;Activity;642;197;100
32;Activity;642;195;100
32;Activity;642;194;100
32;Activity;642;180;100
32;Activity;642;119;100
32;Activity;642;90;100
32;Activity;642;87;100
32;Activity;642;77;100
32;Activity;642;66;100
32;Activity;642;53;100
32;Activity;642;47;100
32;Activity;642;42;100
32;Activity;642;40;100
32;Activity;642;39;100
32;Activity;642;34;100
32;Activity;642;22;100
32;Activity;642;20;100
32;Activity;643;267;100
32;Activity;643;257;100
32;Activity;643;255;100
32;Activity;643;229;100
32;Activity;643;227;100
32;Activity;643;202;100
32;Activity;643;200;100
32;Activity;643;199;100
32;Activity;643;197;100
32;Activity;643;195;100
32;Activity;643;194;100
32;Activity;643;180;100
32;Activity;643;119;100
32;Activity;643;90;100
32;Activity;643;87;100
32;Activity;643;77;100
32;Activity;643;66;100
32;Activity;643;53;100
32;Activity;643;47;100
32;Activity;643;42;100
32;Activity;643;40;100
32;Activity;643;39;100
32;Activity;643;34;100
32;Activity;643;22;100
32;Activity;643;20;100
32;Activity;644;267;100
32;Activity;644;257;100
32;Activity;644;255;100
32;Activity;644;229;100
32;Activity;644;227;100
32;Activity;644;202;100
32;Activity;644;200;100
32;Activity;644;199;100
32;Activity;644;197;100
32;Activity;644;195;100
32;Activity;644;194;100
32;Activity;644;180;100
32;Activity;644;119;100
32;Activity;644;90;100
32;Activity;644;87;100
32;Activity;644;77;100
32;Activity;644;66;100
32;Activity;644;53;100
32;Activity;644;47;100
32;Activity;644;42;100
32;Activity;644;40;100
32;Activity;644;39;100
32;Activity;644;34;100
32;Activity;644;22;100
32;Activity;644;20;100
32;Activity;645;267;100
32;Activity;645;257;100
32;Activity;645;255;100
32;Activity;645;229;100
32;Activity;645;227;100
32;Activity;645;202;100
32;Activity;645;200;100
32;Activity;645;199;100
32;Activity;645;197;100
32;Activity;645;195;100
32;Activity;645;194;100
32;Activity;645;180;100
32;Activity;645;119;100
32;Activity;645;90;100
32;Activity;645;87;100
32;Activity;645;77;100
32;Activity;645;66;100
32;Activity;645;53;100
32;Activity;645;47;100
32;Activity;645;42;100
32;Activity;645;40;100
32;Activity;645;39;100
32;Activity;645;34;100
32;Activity;645;22;100
32;Activity;645;20;100
33;Activity;646;267;100
33;Activity;646;257;100
33;Activity;646;255;100
33;Activity;646;229;100
33;Activity;646;227;100
33;Activity;646;202;100
33;Activity;646;200;100
33;Activity;646;199;100
33;Activity;646;197;100
33;Activity;646;195;100
33;Activity;646;194;100
33;Activity;646;180;100
33;Activity;646;119;100
33;Activity;646;90;100
33;Activity;646;87;100
33;Activity;646;77;100
33;Activity;646;66;100
33;Activity;646;53;100
33;Activity;646;47;100
33;Activity;646;42;100
33;Activity;646;40;100
33;Activity;646;39;100
33;Activity;646;34;100
33;Activity;646;22;100
33;Activity;646;20;100
33;Activity;647;267;100
33;Activity;647;257;100
33;Activity;647;255;100
33;Activity;647;229;100
33;Activity;647;227;100
33;Activity;647;202;100
33;Activity;647;200;100
33;Activity;647;199;100
33;Activity;647;197;100
33;Activity;647;195;100
33;Activity;647;194;100
33;Activity;647;180;100
33;Activity;647;119;100
33;Activity;647;90;100
33;Activity;647;87;100
33;Activity;647;77;100
33;Activity;647;66;100
33;Activity;647;53;100
33;Activity;647;47;100
33;Activity;647;42;100
33;Activity;647;40;100
33;Activity;647;39;100
33;Activity;647;34;100
33;Activity;647;22;100
33;Activity;647;20;100
33;Activity;648;267;100
33;Activity;648;257;100
33;Activity;648;255;100
33;Activity;648;229;100
33;Activity;648;227;100
33;Activity;648;202;100
33;Activity;648;200;100
33;Activity;648;199;100
33;Activity;648;197;100
33;Activity;648;195;100
33;Activity;648;194;100
33;Activity;648;180;100
33;Activity;648;119;100
33;Activity;648;90;100
33;Activity;648;87;100
33;Activity;648;77;100
33;Activity;648;66;100
33;Activity;648;53;100
33;Activity;648;47;100
33;Activity;648;42;100
33;Activity;648;40;100
33;Activity;648;39;100
33;Activity;648;34;100
33;Activity;648;22;100
33;Activity;648;20;100
33;Activity;649;267;100
33;Activity;649;257;100
33;Activity;649;255;100
33;Activity;649;229;100
33;Activity;649;227;100
33;Activity;649;202;100
33;Activity;649;200;100
33;Activity;649;199;100
33;Activity;649;197;100
33;Activity;649;195;100
33;Activity;649;194;100
33;Activity;649;180;100
33;Activity;649;119;100
33;Activity;649;90;100
33;Activity;649;87;100
33;Activity;649;77;100
33;Activity;649;66;100
33;Activity;649;53;100
33;Activity;649;47;100
33;Activity;649;42;100
33;Activity;649;40;100
33;Activity;649;39;100
33;Activity;649;34;100
33;Activity;649;22;100
33;Activity;649;20;100
33;Activity;650;267;100
33;Activity;650;257;100
33;Activity;650;255;100
33;Activity;650;229;100
33;Activity;650;227;100
33;Activity;650;202;100
33;Activity;650;200;100
33;Activity;650;199;100
33;Activity;650;197;100
33;Activity;650;195;100
33;Activity;650;194;100
33;Activity;650;180;100
33;Activity;650;119;100
33;Activity;650;90;100
33;Activity;650;87;100
33;Activity;650;77;100
33;Activity;650;66;100
33;Activity;650;53;100
33;Activity;650;47;100
33;Activity;650;42;100
33;Activity;650;40;100
33;Activity;650;39;100
33;Activity;650;34;100
33;Activity;650;22;100
33;Activity;650;20;100
34;Activity;651;267;100
34;Activity;651;257;100
34;Activity;651;255;100
34;Activity;651;229;100
34;Activity;651;227;100
34;Activity;651;202;100
34;Activity;651;200;100
34;Activity;651;199;100
34;Activity;651;197;100
34;Activity;651;195;100
34;Activity;651;194;100
34;Activity;651;180;100
34;Activity;651;119;100
34;Activity;651;90;100
34;Activity;651;87;100
34;Activity;651;77;100
34;Activity;651;66;100
34;Activity;651;53;100
34;Activity;651;47;100
34;Activity;651;42;100
34;Activity;651;40;100
34;Activity;651;39;100
34;Activity;651;34;100
34;Activity;651;22;100
34;Activity;651;20;100
34;Activity;652;267;100
34;Activity;652;257;100
34;Activity;652;255;100
34;Activity;652;229;100
34;Activity;652;227;100
34;Activity;652;202;100
34;Activity;652;200;100
34;Activity;652;199;100
34;Activity;652;197;100
34;Activity;652;195;100
34;Activity;652;194;100
34;Activity;652;180;100
34;Activity;652;119;100
34;Activity;652;90;100
34;Activity;652;87;100
34;Activity;652;77;100
34;Activity;652;66;100
34;Activity;652;53;100
34;Activity;652;47;100
34;Activity;652;42;100
34;Activity;652;40;100
34;Activity;652;39;100
34;Activity;652;34;100
34;Activity;652;22;100
34;Activity;652;20;100
34;Activity;653;267;100
34;Activity;653;257;100
34;Activity;653;255;100
34;Activity;653;229;100
34;Activity;653;227;100
34;Activity;653;202;100
34;Activity;653;200;100
34;Activity;653;199;100
34;Activity;653;197;100
34;Activity;653;195;100
34;Activity;653;194;100
34;Activity;653;180;100
34;Activity;653;119;100
34;Activity;653;90;100
34;Activity;653;87;100
34;Activity;653;77;100
34;Activity;653;66;100
34;Activity;653;53;100
34;Activity;653;47;100
34;Activity;653;42;100
34;Activity;653;40;100
34;Activity;653;39;100
34;Activity;653;34;100
34;Activity;653;22;100
34;Activity;653;20;100
34;Activity;654;267;100
34;Activity;654;257;100
34;Activity;654;255;100
34;Activity;654;229;100
34;Activity;654;227;100
34;Activity;654;202;100
34;Activity;654;200;100
34;Activity;654;199;100
34;Activity;654;197;100
34;Activity;654;195;100
34;Activity;654;194;100
34;Activity;654;180;100
34;Activity;654;119;100
34;Activity;654;90;100
34;Activity;654;87;100
34;Activity;654;77;100
34;Activity;654;66;100
34;Activity;654;53;100
34;Activity;654;47;100
34;Activity;654;42;100
34;Activity;654;40;100
34;Activity;654;39;100
34;Activity;654;34;100
34;Activity;654;22;100
34;Activity;654;20;100
34;Activity;655;267;100
34;Activity;655;257;100
34;Activity;655;255;100
34;Activity;655;229;100
34;Activity;655;227;100
34;Activity;655;202;100
34;Activity;655;200;100
34;Activity;655;199;100
34;Activity;655;197;100
34;Activity;655;195;100
34;Activity;655;194;100
34;Activity;655;180;100
34;Activity;655;119;100
34;Activity;655;90;100
34;Activity;655;87;100
34;Activity;655;77;100
34;Activity;655;66;100
34;Activity;655;53;100
34;Activity;655;47;100
34;Activity;655;42;100
34;Activity;655;40;100
34;Activity;655;39;100
34;Activity;655;34;100
34;Activity;655;22;100
34;Activity;655;20;100
69;Activity;656;267;100
69;Activity;656;257;100
69;Activity;656;255;100
69;Activity;656;229;100
69;Activity;656;227;100
69;Activity;656;202;100
69;Activity;656;200;100
69;Activity;656;199;100
69;Activity;656;197;100
69;Activity;656;195;100
69;Activity;656;194;100
69;Activity;656;180;100
69;Activity;656;119;100
69;Activity;656;90;100
69;Activity;656;87;100
69;Activity;656;77;100
69;Activity;656;66;100
69;Activity;656;53;100
69;Activity;656;47;100
69;Activity;656;42;100
69;Activity;656;40;100
69;Activity;656;39;100
69;Activity;656;34;100
69;Activity;656;22;100
69;Activity;656;20;100
69;Activity;657;267;100
69;Activity;657;257;100
69;Activity;657;255;100
69;Activity;657;229;100
69;Activity;657;227;100
69;Activity;657;202;100
69;Activity;657;200;100
69;Activity;657;199;100
69;Activity;657;197;100
69;Activity;657;195;100
69;Activity;657;194;100
69;Activity;657;180;100
69;Activity;657;119;100
69;Activity;657;90;100
69;Activity;657;87;100
69;Activity;657;77;100
69;Activity;657;66;100
69;Activity;657;53;100
69;Activity;657;47;100
69;Activity;657;42;100
69;Activity;657;40;100
69;Activity;657;39;100
69;Activity;657;34;100
69;Activity;657;22;100
69;Activity;657;20;100
69;Activity;658;267;100
69;Activity;658;257;100
69;Activity;658;255;100
69;Activity;658;229;100
69;Activity;658;227;100
69;Activity;658;202;100
69;Activity;658;200;100
69;Activity;658;199;100
69;Activity;658;197;100
69;Activity;658;195;100
69;Activity;658;194;100
69;Activity;658;180;100
69;Activity;658;119;100
69;Activity;658;90;100
69;Activity;658;87;100
69;Activity;658;77;100
69;Activity;658;66;100
69;Activity;658;53;100
69;Activity;658;47;100
69;Activity;658;42;100
69;Activity;658;40;100
69;Activity;658;39;100
69;Activity;658;34;100
69;Activity;658;22;100
69;Activity;658;20;100
69;Activity;659;267;100
69;Activity;659;257;100
69;Activity;659;255;100
69;Activity;659;229;100
69;Activity;659;227;100
69;Activity;659;202;100
69;Activity;659;200;100
69;Activity;659;199;100
69;Activity;659;197;100
69;Activity;659;195;100
69;Activity;659;194;100
69;Activity;659;180;100
69;Activity;659;119;100
69;Activity;659;90;100
69;Activity;659;87;100
69;Activity;659;77;100
69;Activity;659;66;100
69;Activity;659;53;100
69;Activity;659;47;100
69;Activity;659;42;100
69;Activity;659;40;100
69;Activity;659;39;100
69;Activity;659;34;100
69;Activity;659;22;100
69;Activity;659;20;100
69;Activity;660;267;100
69;Activity;660;257;100
69;Activity;660;255;100
69;Activity;660;229;100
69;Activity;660;227;100
69;Activity;660;202;100
69;Activity;660;200;100
69;Activity;660;199;100
69;Activity;660;197;100
69;Activity;660;195;100
69;Activity;660;194;100
69;Activity;660;180;100
69;Activity;660;119;100
69;Activity;660;90;100
69;Activity;660;87;100
69;Activity;660;77;100
69;Activity;660;66;100
69;Activity;660;53;100
69;Activity;660;47;100
69;Activity;660;42;100
69;Activity;660;40;100
69;Activity;660;39;100
69;Activity;660;34;100
69;Activity;660;22;100
69;Activity;660;20;100
35;Activity;673;267;100
35;Activity;673;257;100
35;Activity;673;255;100
35;Activity;673;229;100
35;Activity;673;227;100
35;Activity;673;202;100
35;Activity;673;200;100
35;Activity;673;199;100
35;Activity;673;197;100
35;Activity;673;195;100
35;Activity;673;194;100
35;Activity;673;180;100
35;Activity;673;119;100
35;Activity;673;90;100
35;Activity;673;87;100
35;Activity;673;77;100
35;Activity;673;66;100
35;Activity;673;53;100
35;Activity;673;47;100
35;Activity;673;42;100
35;Activity;673;40;100
35;Activity;673;39;100
35;Activity;673;34;100
35;Activity;673;22;100
35;Activity;673;20;100
35;Activity;674;267;100
35;Activity;674;257;100
35;Activity;674;255;100
35;Activity;674;229;100
35;Activity;674;227;100
35;Activity;674;202;100
35;Activity;674;200;100
35;Activity;674;199;100
35;Activity;674;197;100
35;Activity;674;195;100
35;Activity;674;194;100
35;Activity;674;180;100
35;Activity;674;119;100
35;Activity;674;90;100
35;Activity;674;87;100
35;Activity;674;77;100
35;Activity;674;66;100
35;Activity;674;53;100
35;Activity;674;47;100
35;Activity;674;42;100
35;Activity;674;40;100
35;Activity;674;39;100
35;Activity;674;34;100
35;Activity;674;22;100
35;Activity;674;20;100
35;Activity;675;267;100
35;Activity;675;257;100
35;Activity;675;255;100
35;Activity;675;229;100
35;Activity;675;227;100
35;Activity;675;202;100
35;Activity;675;200;100
35;Activity;675;199;100
35;Activity;675;197;100
35;Activity;675;195;100
35;Activity;675;194;100
35;Activity;675;180;100
35;Activity;675;119;100
35;Activity;675;90;100
35;Activity;675;87;100
35;Activity;675;77;100
35;Activity;675;66;100
35;Activity;675;53;100
35;Activity;675;47;100
35;Activity;675;42;100
35;Activity;675;40;100
35;Activity;675;39;100
35;Activity;675;34;100
35;Activity;675;22;100
35;Activity;675;20;100
35;Activity;676;267;100
35;Activity;676;257;100
35;Activity;676;255;100
35;Activity;676;229;100
35;Activity;676;227;100
35;Activity;676;202;100
35;Activity;676;200;100
35;Activity;676;199;100
35;Activity;676;197;100
35;Activity;676;195;100
35;Activity;676;194;100
35;Activity;676;180;100
35;Activity;676;119;100
35;Activity;676;90;100
35;Activity;676;87;100
35;Activity;676;77;100
35;Activity;676;66;100
35;Activity;676;53;100
35;Activity;676;47;100
35;Activity;676;42;100
35;Activity;676;40;100
35;Activity;676;39;100
35;Activity;676;34;100
35;Activity;676;22;100
35;Activity;676;20;100
35;Activity;677;267;100
35;Activity;677;257;100
35;Activity;677;255;100
35;Activity;677;229;100
35;Activity;677;227;100
35;Activity;677;202;100
35;Activity;677;200;100
35;Activity;677;199;100
35;Activity;677;197;100
35;Activity;677;195;100
35;Activity;677;194;100
35;Activity;677;180;100
35;Activity;677;119;100
35;Activity;677;90;100
35;Activity;677;87;100
35;Activity;677;77;100
35;Activity;677;66;100
35;Activity;677;53;100
35;Activity;677;47;100
35;Activity;677;42;100
35;Activity;677;40;100
35;Activity;677;39;100
35;Activity;677;34;100
35;Activity;677;22;100
35;Activity;677;20;100
35;Activity;678;267;100
35;Activity;678;257;100
35;Activity;678;255;100
35;Activity;678;229;100
35;Activity;678;227;100
35;Activity;678;202;100
35;Activity;678;200;100
35;Activity;678;199;100
35;Activity;678;197;100
35;Activity;678;195;100
35;Activity;678;194;100
35;Activity;678;180;100
35;Activity;678;119;100
35;Activity;678;90;100
35;Activity;678;87;100
35;Activity;678;77;100
35;Activity;678;66;100
35;Activity;678;53;100
35;Activity;678;47;100
35;Activity;678;42;100
35;Activity;678;40;100
35;Activity;678;39;100
35;Activity;678;34;100
35;Activity;678;22;100
35;Activity;678;20;100
35;Activity;679;267;100
35;Activity;679;257;100
35;Activity;679;255;100
35;Activity;679;229;100
35;Activity;679;227;100
35;Activity;679;202;100
35;Activity;679;200;100
35;Activity;679;199;100
35;Activity;679;197;100
35;Activity;679;195;100
35;Activity;679;194;100
35;Activity;679;180;100
35;Activity;679;119;100
35;Activity;679;90;100
35;Activity;679;87;100
35;Activity;679;77;100
35;Activity;679;66;100
35;Activity;679;53;100
35;Activity;679;47;100
35;Activity;679;42;100
35;Activity;679;40;100
35;Activity;679;39;100
35;Activity;679;34;100
35;Activity;679;22;100
35;Activity;679;20;100
35;Activity;680;267;100
35;Activity;680;257;100
35;Activity;680;255;100
35;Activity;680;229;100
35;Activity;680;227;100
35;Activity;680;202;100
35;Activity;680;200;100
35;Activity;680;199;100
35;Activity;680;197;100
35;Activity;680;195;100
35;Activity;680;194;100
35;Activity;680;180;100
35;Activity;680;119;100
35;Activity;680;90;100
35;Activity;680;87;100
35;Activity;680;77;100
35;Activity;680;66;100
35;Activity;680;53;100
35;Activity;680;47;100
35;Activity;680;42;100
35;Activity;680;40;100
35;Activity;680;39;100
35;Activity;680;34;100
35;Activity;680;22;100
35;Activity;680;20;100
35;Activity;681;267;100
35;Activity;681;257;100
35;Activity;681;255;100
35;Activity;681;229;100
35;Activity;681;227;100
35;Activity;681;202;100
35;Activity;681;200;100
35;Activity;681;199;100
35;Activity;681;197;100
35;Activity;681;195;100
35;Activity;681;194;100
35;Activity;681;180;100
35;Activity;681;119;100
35;Activity;681;90;100
35;Activity;681;87;100
35;Activity;681;77;100
35;Activity;681;66;100
35;Activity;681;53;100
35;Activity;681;47;100
35;Activity;681;42;100
35;Activity;681;40;100
35;Activity;681;39;100
35;Activity;681;34;100
35;Activity;681;22;100
35;Activity;681;20;100
35;Activity;682;267;100
35;Activity;682;257;100
35;Activity;682;255;100
35;Activity;682;229;100
35;Activity;682;227;100
35;Activity;682;202;100
35;Activity;682;200;100
35;Activity;682;199;100
35;Activity;682;197;100
35;Activity;682;195;100
35;Activity;682;194;100
35;Activity;682;180;100
35;Activity;682;119;100
35;Activity;682;90;100
35;Activity;682;87;100
35;Activity;682;77;100
35;Activity;682;66;100
35;Activity;682;53;100
35;Activity;682;47;100
35;Activity;682;42;100
35;Activity;682;40;100
35;Activity;682;39;100
35;Activity;682;34;100
35;Activity;682;22;100
35;Activity;682;20;100
35;Activity;683;267;100
35;Activity;683;257;100
35;Activity;683;255;100
35;Activity;683;229;100
35;Activity;683;227;100
35;Activity;683;202;100
35;Activity;683;200;100
35;Activity;683;199;100
35;Activity;683;197;100
35;Activity;683;195;100
35;Activity;683;194;100
35;Activity;683;180;100
35;Activity;683;119;100
35;Activity;683;90;100
35;Activity;683;87;100
35;Activity;683;77;100
35;Activity;683;66;100
35;Activity;683;53;100
35;Activity;683;47;100
35;Activity;683;42;100
35;Activity;683;40;100
35;Activity;683;39;100
35;Activity;683;34;100
35;Activity;683;22;100
35;Activity;683;20;100
35;Activity;684;267;100
35;Activity;684;257;100
35;Activity;684;255;100
35;Activity;684;229;100
35;Activity;684;227;100
35;Activity;684;202;100
35;Activity;684;200;100
35;Activity;684;199;100
35;Activity;684;197;100
35;Activity;684;195;100
35;Activity;684;194;100
35;Activity;684;180;100
35;Activity;684;119;100
35;Activity;684;90;100
35;Activity;684;87;100
35;Activity;684;77;100
35;Activity;684;66;100
35;Activity;684;53;100
35;Activity;684;47;100
35;Activity;684;42;100
35;Activity;684;40;100
35;Activity;684;39;100
35;Activity;684;34;100
35;Activity;684;22;100
35;Activity;684;20;100
35;Activity;685;267;100
35;Activity;685;257;100
35;Activity;685;255;100
35;Activity;685;229;100
35;Activity;685;227;100
35;Activity;685;202;100
35;Activity;685;200;100
35;Activity;685;199;100
35;Activity;685;197;100
35;Activity;685;195;100
35;Activity;685;194;100
35;Activity;685;180;100
35;Activity;685;119;100
35;Activity;685;90;100
35;Activity;685;87;100
35;Activity;685;77;100
35;Activity;685;66;100
35;Activity;685;53;100
35;Activity;685;47;100
35;Activity;685;42;100
35;Activity;685;40;100
35;Activity;685;39;100
35;Activity;685;34;100
35;Activity;685;22;100
35;Activity;685;20;100
35;Activity;686;267;100
35;Activity;686;257;100
35;Activity;686;255;100
35;Activity;686;229;100
35;Activity;686;227;100
35;Activity;686;202;100
35;Activity;686;200;100
35;Activity;686;199;100
35;Activity;686;197;100
35;Activity;686;195;100
35;Activity;686;194;100
35;Activity;686;180;100
35;Activity;686;119;100
35;Activity;686;90;100
35;Activity;686;87;100
35;Activity;686;77;100
35;Activity;686;66;100
35;Activity;686;53;100
35;Activity;686;47;100
35;Activity;686;42;100
35;Activity;686;40;100
35;Activity;686;39;100
35;Activity;686;34;100
35;Activity;686;22;100
35;Activity;686;20;100
35;Activity;687;267;100
35;Activity;687;257;100
35;Activity;687;255;100
35;Activity;687;229;100
35;Activity;687;227;100
35;Activity;687;202;100
35;Activity;687;200;100
35;Activity;687;199;100
35;Activity;687;197;100
35;Activity;687;195;100
35;Activity;687;194;100
35;Activity;687;180;100
35;Activity;687;119;100
35;Activity;687;90;100
35;Activity;687;87;100
35;Activity;687;77;100
35;Activity;687;66;100
35;Activity;687;53;100
35;Activity;687;47;100
35;Activity;687;42;100
35;Activity;687;40;100
35;Activity;687;39;100
35;Activity;687;34;100
35;Activity;687;22;100
35;Activity;687;20;100
35;Activity;688;267;100
35;Activity;688;257;100
35;Activity;688;255;100
35;Activity;688;229;100
35;Activity;688;227;100
35;Activity;688;202;100
35;Activity;688;200;100
35;Activity;688;199;100
35;Activity;688;197;100
35;Activity;688;195;100
35;Activity;688;194;100
35;Activity;688;180;100
35;Activity;688;119;100
35;Activity;688;90;100
35;Activity;688;87;100
35;Activity;688;77;100
35;Activity;688;66;100
35;Activity;688;53;100
35;Activity;688;47;100
35;Activity;688;42;100
35;Activity;688;40;100
35;Activity;688;39;100
35;Activity;688;34;100
35;Activity;688;22;100
35;Activity;688;20;100
36;Activity;695;267;100
36;Activity;695;257;100
36;Activity;695;255;100
36;Activity;695;229;100
36;Activity;695;227;100
36;Activity;695;202;100
36;Activity;695;200;100
36;Activity;695;199;100
36;Activity;695;197;100
36;Activity;695;195;100
36;Activity;695;194;100
36;Activity;695;180;100
36;Activity;695;119;100
36;Activity;695;90;100
36;Activity;695;87;100
36;Activity;695;77;100
36;Activity;695;66;100
36;Activity;695;53;100
36;Activity;695;47;100
36;Activity;695;42;100
36;Activity;695;40;100
36;Activity;695;39;100
36;Activity;695;34;100
36;Activity;695;22;100
36;Activity;695;20;100
36;Activity;696;267;100
36;Activity;696;257;100
36;Activity;696;255;100
36;Activity;696;229;100
36;Activity;696;227;100
36;Activity;696;202;100
36;Activity;696;200;100
36;Activity;696;199;100
36;Activity;696;197;100
36;Activity;696;195;100
36;Activity;696;194;100
36;Activity;696;180;100
36;Activity;696;119;100
36;Activity;696;90;100
36;Activity;696;87;100
36;Activity;696;77;100
36;Activity;696;66;100
36;Activity;696;53;100
36;Activity;696;47;100
36;Activity;696;42;100
36;Activity;696;40;100
36;Activity;696;39;100
36;Activity;696;34;100
36;Activity;696;22;100
36;Activity;696;20;100
36;Activity;697;267;100
36;Activity;697;257;100
36;Activity;697;255;100
36;Activity;697;229;100
36;Activity;697;227;100
36;Activity;697;202;100
36;Activity;697;200;100
36;Activity;697;199;100
36;Activity;697;197;100
36;Activity;697;195;100
36;Activity;697;194;100
36;Activity;697;180;100
36;Activity;697;119;100
36;Activity;697;90;100
36;Activity;697;87;100
36;Activity;697;77;100
36;Activity;697;66;100
36;Activity;697;53;100
36;Activity;697;47;100
36;Activity;697;42;100
36;Activity;697;40;100
36;Activity;697;39;100
36;Activity;697;34;100
36;Activity;697;22;100
36;Activity;697;20;100
36;Activity;698;267;100
36;Activity;698;257;100
36;Activity;698;255;100
36;Activity;698;229;100
36;Activity;698;227;100
36;Activity;698;202;100
36;Activity;698;200;100
36;Activity;698;199;100
36;Activity;698;197;100
36;Activity;698;195;100
36;Activity;698;194;100
36;Activity;698;180;100
36;Activity;698;119;100
36;Activity;698;90;100
36;Activity;698;87;100
36;Activity;698;77;100
36;Activity;698;66;100
36;Activity;698;53;100
36;Activity;698;47;100
36;Activity;698;42;100
36;Activity;698;40;100
36;Activity;698;39;100
36;Activity;698;34;100
36;Activity;698;22;100
36;Activity;698;20;100
36;Activity;699;267;100
36;Activity;699;257;100
36;Activity;699;255;100
36;Activity;699;229;100
36;Activity;699;227;100
36;Activity;699;202;100
36;Activity;699;200;100
36;Activity;699;199;100
36;Activity;699;197;100
36;Activity;699;195;100
36;Activity;699;194;100
36;Activity;699;180;100
36;Activity;699;119;100
36;Activity;699;90;100
36;Activity;699;87;100
36;Activity;699;77;100
36;Activity;699;66;100
36;Activity;699;53;100
36;Activity;699;47;100
36;Activity;699;42;100
36;Activity;699;40;100
36;Activity;699;39;100
36;Activity;699;34;100
36;Activity;699;22;100
36;Activity;699;20;100
36;Activity;700;267;100
36;Activity;700;257;100
36;Activity;700;255;100
36;Activity;700;229;100
36;Activity;700;227;100
36;Activity;700;202;100
36;Activity;700;200;100
36;Activity;700;199;100
36;Activity;700;197;100
36;Activity;700;195;100
36;Activity;700;194;100
36;Activity;700;180;100
36;Activity;700;119;100
36;Activity;700;90;100
36;Activity;700;87;100
36;Activity;700;77;100
36;Activity;700;66;100
36;Activity;700;53;100
36;Activity;700;47;100
36;Activity;700;42;100
36;Activity;700;40;100
36;Activity;700;39;100
36;Activity;700;34;100
36;Activity;700;22;100
36;Activity;700;20;100
36;Activity;701;267;100
36;Activity;701;257;100
36;Activity;701;255;100
36;Activity;701;229;100
36;Activity;701;227;100
36;Activity;701;202;100
36;Activity;701;200;100
36;Activity;701;199;100
36;Activity;701;197;100
36;Activity;701;195;100
36;Activity;701;194;100
36;Activity;701;180;100
36;Activity;701;119;100
36;Activity;701;90;100
36;Activity;701;87;100
36;Activity;701;77;100
36;Activity;701;66;100
36;Activity;701;53;100
36;Activity;701;47;100
36;Activity;701;42;100
36;Activity;701;40;100
36;Activity;701;39;100
36;Activity;701;34;100
36;Activity;701;22;100
36;Activity;701;20;100
36;Activity;702;267;100
36;Activity;702;257;100
36;Activity;702;255;100
36;Activity;702;229;100
36;Activity;702;227;100
36;Activity;702;202;100
36;Activity;702;200;100
36;Activity;702;199;100
36;Activity;702;197;100
36;Activity;702;195;100
36;Activity;702;194;100
36;Activity;702;180;100
36;Activity;702;119;100
36;Activity;702;90;100
36;Activity;702;87;100
36;Activity;702;77;100
36;Activity;702;66;100
36;Activity;702;53;100
36;Activity;702;47;100
36;Activity;702;42;100
36;Activity;702;40;100
36;Activity;702;39;100
36;Activity;702;34;100
36;Activity;702;22;100
36;Activity;702;20;100
36;Activity;703;267;100
36;Activity;703;257;100
36;Activity;703;255;100
36;Activity;703;229;100
36;Activity;703;227;100
36;Activity;703;202;100
36;Activity;703;200;100
36;Activity;703;199;100
36;Activity;703;197;100
36;Activity;703;195;100
36;Activity;703;194;100
36;Activity;703;180;100
36;Activity;703;119;100
36;Activity;703;90;100
36;Activity;703;87;100
36;Activity;703;77;100
36;Activity;703;66;100
36;Activity;703;53;100
36;Activity;703;47;100
36;Activity;703;42;100
36;Activity;703;40;100
36;Activity;703;39;100
36;Activity;703;34;100
36;Activity;703;22;100
36;Activity;703;20;100
36;Activity;704;267;100
36;Activity;704;257;100
36;Activity;704;255;100
36;Activity;704;229;100
36;Activity;704;227;100
36;Activity;704;202;100
36;Activity;704;200;100
36;Activity;704;199;100
36;Activity;704;197;100
36;Activity;704;195;100
36;Activity;704;194;100
36;Activity;704;180;100
36;Activity;704;119;100
36;Activity;704;90;100
36;Activity;704;87;100
36;Activity;704;77;100
36;Activity;704;66;100
36;Activity;704;53;100
36;Activity;704;47;100
36;Activity;704;42;100
36;Activity;704;40;100
36;Activity;704;39;100
36;Activity;704;34;100
36;Activity;704;22;100
36;Activity;704;20;100
36;Activity;705;267;100
36;Activity;705;257;100
36;Activity;705;255;100
36;Activity;705;229;100
36;Activity;705;227;100
36;Activity;705;202;100
36;Activity;705;200;100
36;Activity;705;199;100
36;Activity;705;197;100
36;Activity;705;195;100
36;Activity;705;194;100
36;Activity;705;180;100
36;Activity;705;119;100
36;Activity;705;90;100
36;Activity;705;87;100
36;Activity;705;77;100
36;Activity;705;66;100
36;Activity;705;53;100
36;Activity;705;47;100
36;Activity;705;42;100
36;Activity;705;40;100
36;Activity;705;39;100
36;Activity;705;34;100
36;Activity;705;22;100
36;Activity;705;20;100
36;Activity;706;267;100
36;Activity;706;257;100
36;Activity;706;255;100
36;Activity;706;229;100
36;Activity;706;227;100
36;Activity;706;202;100
36;Activity;706;200;100
36;Activity;706;199;100
36;Activity;706;197;100
36;Activity;706;195;100
36;Activity;706;194;100
36;Activity;706;180;100
36;Activity;706;119;100
36;Activity;706;90;100
36;Activity;706;87;100
36;Activity;706;77;100
36;Activity;706;66;100
36;Activity;706;53;100
36;Activity;706;47;100
36;Activity;706;42;100
36;Activity;706;40;100
36;Activity;706;39;100
36;Activity;706;34;100
36;Activity;706;22;100
36;Activity;706;20;100
36;Activity;707;267;100
36;Activity;707;257;100
36;Activity;707;255;100
36;Activity;707;229;100
36;Activity;707;227;100
36;Activity;707;202;100
36;Activity;707;200;100
36;Activity;707;199;100
36;Activity;707;197;100
36;Activity;707;195;100
36;Activity;707;194;100
36;Activity;707;180;100
36;Activity;707;119;100
36;Activity;707;90;100
36;Activity;707;87;100
36;Activity;707;77;100
36;Activity;707;66;100
36;Activity;707;53;100
36;Activity;707;47;100
36;Activity;707;42;100
36;Activity;707;40;100
36;Activity;707;39;100
36;Activity;707;34;100
36;Activity;707;22;100
36;Activity;707;20;100
36;Activity;708;267;100
36;Activity;708;257;100
36;Activity;708;255;100
36;Activity;708;229;100
36;Activity;708;227;100
36;Activity;708;202;100
36;Activity;708;200;100
36;Activity;708;199;100
36;Activity;708;197;100
36;Activity;708;195;100
36;Activity;708;194;100
36;Activity;708;180;100
36;Activity;708;119;100
36;Activity;708;90;100
36;Activity;708;87;100
36;Activity;708;77;100
36;Activity;708;66;100
36;Activity;708;53;100
36;Activity;708;47;100
36;Activity;708;42;100
36;Activity;708;40;100
36;Activity;708;39;100
36;Activity;708;34;100
36;Activity;708;22;100
36;Activity;708;20;100
36;Activity;709;267;100
36;Activity;709;257;100
36;Activity;709;255;100
36;Activity;709;229;100
36;Activity;709;227;100
36;Activity;709;202;100
36;Activity;709;200;100
36;Activity;709;199;100
36;Activity;709;197;100
36;Activity;709;195;100
36;Activity;709;194;100
36;Activity;709;180;100
36;Activity;709;119;100
36;Activity;709;90;100
36;Activity;709;87;100
36;Activity;709;77;100
36;Activity;709;66;100
36;Activity;709;53;100
36;Activity;709;47;100
36;Activity;709;42;100
36;Activity;709;40;100
36;Activity;709;39;100
36;Activity;709;34;100
36;Activity;709;22;100
36;Activity;709;20;100
36;Activity;710;267;100
36;Activity;710;257;100
36;Activity;710;255;100
36;Activity;710;229;100
36;Activity;710;227;100
36;Activity;710;202;100
36;Activity;710;200;100
36;Activity;710;199;100
36;Activity;710;197;100
36;Activity;710;195;100
36;Activity;710;194;100
36;Activity;710;180;100
36;Activity;710;119;100
36;Activity;710;90;100
36;Activity;710;87;100
36;Activity;710;77;100
36;Activity;710;66;100
36;Activity;710;53;100
36;Activity;710;47;100
36;Activity;710;42;100
36;Activity;710;40;100
36;Activity;710;39;100
36;Activity;710;34;100
36;Activity;710;22;100
36;Activity;710;20;100
37;Activity;717;267;100
37;Activity;717;257;100
37;Activity;717;255;100
37;Activity;717;229;100
37;Activity;717;227;100
37;Activity;717;202;100
37;Activity;717;200;100
37;Activity;717;199;100
37;Activity;717;197;100
37;Activity;717;195;100
37;Activity;717;194;100
37;Activity;717;180;100
37;Activity;717;119;100
37;Activity;717;90;100
37;Activity;717;87;100
37;Activity;717;77;100
37;Activity;717;66;100
37;Activity;717;53;100
37;Activity;717;47;100
37;Activity;717;42;100
37;Activity;717;40;100
37;Activity;717;39;100
37;Activity;717;34;100
37;Activity;717;22;100
37;Activity;717;20;100
37;Activity;718;267;100
37;Activity;718;257;100
37;Activity;718;255;100
37;Activity;718;229;100
37;Activity;718;227;100
37;Activity;718;202;100
37;Activity;718;200;100
37;Activity;718;199;100
37;Activity;718;197;100
37;Activity;718;195;100
37;Activity;718;194;100
37;Activity;718;180;100
37;Activity;718;119;100
37;Activity;718;90;100
37;Activity;718;87;100
37;Activity;718;77;100
37;Activity;718;66;100
37;Activity;718;53;100
37;Activity;718;47;100
37;Activity;718;42;100
37;Activity;718;40;100
37;Activity;718;39;100
37;Activity;718;34;100
37;Activity;718;22;100
37;Activity;718;20;100
37;Activity;719;267;100
37;Activity;719;257;100
37;Activity;719;255;100
37;Activity;719;229;100
37;Activity;719;227;100
37;Activity;719;202;100
37;Activity;719;200;100
37;Activity;719;199;100
37;Activity;719;197;100
37;Activity;719;195;100
37;Activity;719;194;100
37;Activity;719;180;100
37;Activity;719;119;100
37;Activity;719;90;100
37;Activity;719;87;100
37;Activity;719;77;100
37;Activity;719;66;100
37;Activity;719;53;100
37;Activity;719;47;100
37;Activity;719;42;100
37;Activity;719;40;100
37;Activity;719;39;100
37;Activity;719;34;100
37;Activity;719;22;100
37;Activity;719;20;100
37;Activity;720;267;100
37;Activity;720;257;100
37;Activity;720;255;100
37;Activity;720;229;100
37;Activity;720;227;100
37;Activity;720;202;100
37;Activity;720;200;100
37;Activity;720;199;100
37;Activity;720;197;100
37;Activity;720;195;100
37;Activity;720;194;100
37;Activity;720;180;100
37;Activity;720;119;100
37;Activity;720;90;100
37;Activity;720;87;100
37;Activity;720;77;100
37;Activity;720;66;100
37;Activity;720;53;100
37;Activity;720;47;100
37;Activity;720;42;100
37;Activity;720;40;100
37;Activity;720;39;100
37;Activity;720;34;100
37;Activity;720;22;100
37;Activity;720;20;100
37;Activity;721;267;100
37;Activity;721;257;100
37;Activity;721;255;100
37;Activity;721;229;100
37;Activity;721;227;100
37;Activity;721;202;100
37;Activity;721;200;100
37;Activity;721;199;100
37;Activity;721;197;100
37;Activity;721;195;100
37;Activity;721;194;100
37;Activity;721;180;100
37;Activity;721;119;100
37;Activity;721;90;100
37;Activity;721;87;100
37;Activity;721;77;100
37;Activity;721;66;100
37;Activity;721;53;100
37;Activity;721;47;100
37;Activity;721;42;100
37;Activity;721;40;100
37;Activity;721;39;100
37;Activity;721;34;100
37;Activity;721;22;100
37;Activity;721;20;100
37;Activity;722;267;100
37;Activity;722;257;100
37;Activity;722;255;100
37;Activity;722;229;100
37;Activity;722;227;100
37;Activity;722;202;100
37;Activity;722;200;100
37;Activity;722;199;100
37;Activity;722;197;100
37;Activity;722;195;100
37;Activity;722;194;100
37;Activity;722;180;100
37;Activity;722;119;100
37;Activity;722;90;100
37;Activity;722;87;100
37;Activity;722;77;100
37;Activity;722;66;100
37;Activity;722;53;100
37;Activity;722;47;100
37;Activity;722;42;100
37;Activity;722;40;100
37;Activity;722;39;100
37;Activity;722;34;100
37;Activity;722;22;100
37;Activity;722;20;100
37;Activity;723;267;100
37;Activity;723;257;100
37;Activity;723;255;100
37;Activity;723;229;100
37;Activity;723;227;100
37;Activity;723;202;100
37;Activity;723;200;100
37;Activity;723;199;100
37;Activity;723;197;100
37;Activity;723;195;100
37;Activity;723;194;100
37;Activity;723;180;100
37;Activity;723;119;100
37;Activity;723;90;100
37;Activity;723;87;100
37;Activity;723;77;100
37;Activity;723;66;100
37;Activity;723;53;100
37;Activity;723;47;100
37;Activity;723;42;100
37;Activity;723;40;100
37;Activity;723;39;100
37;Activity;723;34;100
37;Activity;723;22;100
37;Activity;723;20;100
37;Activity;724;267;100
37;Activity;724;257;100
37;Activity;724;255;100
37;Activity;724;229;100
37;Activity;724;227;100
37;Activity;724;202;100
37;Activity;724;200;100
37;Activity;724;199;100
37;Activity;724;197;100
37;Activity;724;195;100
37;Activity;724;194;100
37;Activity;724;180;100
37;Activity;724;119;100
37;Activity;724;90;100
37;Activity;724;87;100
37;Activity;724;77;100
37;Activity;724;66;100
37;Activity;724;53;100
37;Activity;724;47;100
37;Activity;724;42;100
37;Activity;724;40;100
37;Activity;724;39;100
37;Activity;724;34;100
37;Activity;724;22;100
37;Activity;724;20;100
37;Activity;725;267;100
37;Activity;725;257;100
37;Activity;725;255;100
37;Activity;725;229;100
37;Activity;725;227;100
37;Activity;725;202;100
37;Activity;725;200;100
37;Activity;725;199;100
37;Activity;725;197;100
37;Activity;725;195;100
37;Activity;725;194;100
37;Activity;725;180;100
37;Activity;725;119;100
37;Activity;725;90;100
37;Activity;725;87;100
37;Activity;725;77;100
37;Activity;725;66;100
37;Activity;725;53;100
37;Activity;725;47;100
37;Activity;725;42;100
37;Activity;725;40;100
37;Activity;725;39;100
37;Activity;725;34;100
37;Activity;725;22;100
37;Activity;725;20;100
37;Activity;726;267;100
37;Activity;726;257;100
37;Activity;726;255;100
37;Activity;726;229;100
37;Activity;726;227;100
37;Activity;726;202;100
37;Activity;726;200;100
37;Activity;726;199;100
37;Activity;726;197;100
37;Activity;726;195;100
37;Activity;726;194;100
37;Activity;726;180;100
37;Activity;726;119;100
37;Activity;726;90;100
37;Activity;726;87;100
37;Activity;726;77;100
37;Activity;726;66;100
37;Activity;726;53;100
37;Activity;726;47;100
37;Activity;726;42;100
37;Activity;726;40;100
37;Activity;726;39;100
37;Activity;726;34;100
37;Activity;726;22;100
37;Activity;726;20;100
37;Activity;727;267;100
37;Activity;727;257;100
37;Activity;727;255;100
37;Activity;727;229;100
37;Activity;727;227;100
37;Activity;727;202;100
37;Activity;727;200;100
37;Activity;727;199;100
37;Activity;727;197;100
37;Activity;727;195;100
37;Activity;727;194;100
37;Activity;727;180;100
37;Activity;727;119;100
37;Activity;727;90;100
37;Activity;727;87;100
37;Activity;727;77;100
37;Activity;727;66;100
37;Activity;727;53;100
37;Activity;727;47;100
37;Activity;727;42;100
37;Activity;727;40;100
37;Activity;727;39;100
37;Activity;727;34;100
37;Activity;727;22;100
37;Activity;727;20;100
37;Activity;728;267;100
37;Activity;728;257;100
37;Activity;728;255;100
37;Activity;728;229;100
37;Activity;728;227;100
37;Activity;728;202;100
37;Activity;728;200;100
37;Activity;728;199;100
37;Activity;728;197;100
37;Activity;728;195;100
37;Activity;728;194;100
37;Activity;728;180;100
37;Activity;728;119;100
37;Activity;728;90;100
37;Activity;728;87;100
37;Activity;728;77;100
37;Activity;728;66;100
37;Activity;728;53;100
37;Activity;728;47;100
37;Activity;728;42;100
37;Activity;728;40;100
37;Activity;728;39;100
37;Activity;728;34;100
37;Activity;728;22;100
37;Activity;728;20;100
37;Activity;729;267;100
37;Activity;729;257;100
37;Activity;729;255;100
37;Activity;729;229;100
37;Activity;729;227;100
37;Activity;729;202;100
37;Activity;729;200;100
37;Activity;729;199;100
37;Activity;729;197;100
37;Activity;729;195;100
37;Activity;729;194;100
37;Activity;729;180;100
37;Activity;729;119;100
37;Activity;729;90;100
37;Activity;729;87;100
37;Activity;729;77;100
37;Activity;729;66;100
37;Activity;729;53;100
37;Activity;729;47;100
37;Activity;729;42;100
37;Activity;729;40;100
37;Activity;729;39;100
37;Activity;729;34;100
37;Activity;729;22;100
37;Activity;729;20;100
37;Activity;730;267;100
37;Activity;730;257;100
37;Activity;730;255;100
37;Activity;730;229;100
37;Activity;730;227;100
37;Activity;730;202;100
37;Activity;730;200;100
37;Activity;730;199;100
37;Activity;730;197;100
37;Activity;730;195;100
37;Activity;730;194;100
37;Activity;730;180;100
37;Activity;730;119;100
37;Activity;730;90;100
37;Activity;730;87;100
37;Activity;730;77;100
37;Activity;730;66;100
37;Activity;730;53;100
37;Activity;730;47;100
37;Activity;730;42;100
37;Activity;730;40;100
37;Activity;730;39;100
37;Activity;730;34;100
37;Activity;730;22;100
37;Activity;730;20;100
37;Activity;731;267;100
37;Activity;731;257;100
37;Activity;731;255;100
37;Activity;731;229;100
37;Activity;731;227;100
37;Activity;731;202;100
37;Activity;731;200;100
37;Activity;731;199;100
37;Activity;731;197;100
37;Activity;731;195;100
37;Activity;731;194;100
37;Activity;731;180;100
37;Activity;731;119;100
37;Activity;731;90;100
37;Activity;731;87;100
37;Activity;731;77;100
37;Activity;731;66;100
37;Activity;731;53;100
37;Activity;731;47;100
37;Activity;731;42;100
37;Activity;731;40;100
37;Activity;731;39;100
37;Activity;731;34;100
37;Activity;731;22;100
37;Activity;731;20;100
37;Activity;732;267;100
37;Activity;732;257;100
37;Activity;732;255;100
37;Activity;732;229;100
37;Activity;732;227;100
37;Activity;732;202;100
37;Activity;732;200;100
37;Activity;732;199;100
37;Activity;732;197;100
37;Activity;732;195;100
37;Activity;732;194;100
37;Activity;732;180;100
37;Activity;732;119;100
37;Activity;732;90;100
37;Activity;732;87;100
37;Activity;732;77;100
37;Activity;732;66;100
37;Activity;732;53;100
37;Activity;732;47;100
37;Activity;732;42;100
37;Activity;732;40;100
37;Activity;732;39;100
37;Activity;732;34;100
37;Activity;732;22;100
37;Activity;732;20;100
74;Activity;737;267;100
74;Activity;737;257;100
74;Activity;737;255;100
74;Activity;737;229;100
74;Activity;737;227;100
74;Activity;737;202;100
74;Activity;737;200;100
74;Activity;737;199;100
74;Activity;737;197;100
74;Activity;737;195;100
74;Activity;737;194;100
74;Activity;737;180;100
74;Activity;737;119;100
74;Activity;737;90;100
74;Activity;737;87;100
74;Activity;737;77;100
74;Activity;737;66;100
74;Activity;737;53;100
74;Activity;737;47;100
74;Activity;737;42;100
74;Activity;737;40;100
74;Activity;737;39;100
74;Activity;737;34;100
74;Activity;737;22;100
74;Activity;737;20;100
74;Activity;738;267;100
74;Activity;738;257;100
74;Activity;738;255;100
74;Activity;738;229;100
74;Activity;738;227;100
74;Activity;738;202;100
74;Activity;738;200;100
74;Activity;738;199;100
74;Activity;738;197;100
74;Activity;738;195;100
74;Activity;738;194;100
74;Activity;738;180;100
74;Activity;738;119;100
74;Activity;738;90;100
74;Activity;738;87;100
74;Activity;738;77;100
74;Activity;738;66;100
74;Activity;738;53;100
74;Activity;738;47;100
74;Activity;738;42;100
74;Activity;738;40;100
74;Activity;738;39;100
74;Activity;738;34;100
74;Activity;738;22;100
74;Activity;738;20;100
74;Activity;739;267;100
74;Activity;739;257;100
74;Activity;739;255;100
74;Activity;739;229;100
74;Activity;739;227;100
74;Activity;739;202;100
74;Activity;739;200;100
74;Activity;739;199;100
74;Activity;739;197;100
74;Activity;739;195;100
74;Activity;739;194;100
74;Activity;739;180;100
74;Activity;739;119;100
74;Activity;739;90;100
74;Activity;739;87;100
74;Activity;739;77;100
74;Activity;739;66;100
74;Activity;739;53;100
74;Activity;739;47;100
74;Activity;739;42;100
74;Activity;739;40;100
74;Activity;739;39;100
74;Activity;739;34;100
74;Activity;739;22;100
74;Activity;739;20;100
74;Activity;740;267;100
74;Activity;740;257;100
74;Activity;740;255;100
74;Activity;740;229;100
74;Activity;740;227;100
74;Activity;740;202;100
74;Activity;740;200;100
74;Activity;740;199;100
74;Activity;740;197;100
74;Activity;740;195;100
74;Activity;740;194;100
74;Activity;740;180;100
74;Activity;740;119;100
74;Activity;740;90;100
74;Activity;740;87;100
74;Activity;740;77;100
74;Activity;740;66;100
74;Activity;740;53;100
74;Activity;740;47;100
74;Activity;740;42;100
74;Activity;740;40;100
74;Activity;740;39;100
74;Activity;740;34;100
74;Activity;740;22;100
74;Activity;740;20;100
74;Activity;741;267;100
74;Activity;741;257;100
74;Activity;741;255;100
74;Activity;741;229;100
74;Activity;741;227;100
74;Activity;741;202;100
74;Activity;741;200;100
74;Activity;741;199;100
74;Activity;741;197;100
74;Activity;741;195;100
74;Activity;741;194;100
74;Activity;741;180;100
74;Activity;741;119;100
74;Activity;741;90;100
74;Activity;741;87;100
74;Activity;741;77;100
74;Activity;741;66;100
74;Activity;741;53;100
74;Activity;741;47;100
74;Activity;741;42;100
74;Activity;741;40;100
74;Activity;741;39;100
74;Activity;741;34;100
74;Activity;741;22;100
74;Activity;741;20;100
74;Activity;742;267;100
74;Activity;742;257;100
74;Activity;742;255;100
74;Activity;742;229;100
74;Activity;742;227;100
74;Activity;742;202;100
74;Activity;742;200;100
74;Activity;742;199;100
74;Activity;742;197;100
74;Activity;742;195;100
74;Activity;742;194;100
74;Activity;742;180;100
74;Activity;742;119;100
74;Activity;742;90;100
74;Activity;742;87;100
74;Activity;742;77;100
74;Activity;742;66;100
74;Activity;742;53;100
74;Activity;742;47;100
74;Activity;742;42;100
74;Activity;742;40;100
74;Activity;742;39;100
74;Activity;742;34;100
74;Activity;742;22;100
74;Activity;742;20;100
35;Activity;743;267;100
35;Activity;743;257;100
35;Activity;743;255;100
35;Activity;743;229;100
35;Activity;743;227;100
35;Activity;743;202;100
35;Activity;743;200;100
35;Activity;743;199;100
35;Activity;743;197;100
35;Activity;743;195;100
35;Activity;743;194;100
35;Activity;743;180;100
35;Activity;743;119;100
35;Activity;743;90;100
35;Activity;743;87;100
35;Activity;743;77;100
35;Activity;743;66;100
35;Activity;743;53;100
35;Activity;743;47;100
35;Activity;743;42;100
35;Activity;743;40;100
35;Activity;743;39;100
35;Activity;743;34;100
35;Activity;743;22;100
35;Activity;743;20;100
35;Activity;744;267;100
35;Activity;744;257;100
35;Activity;744;255;100
35;Activity;744;229;100
35;Activity;744;227;100
35;Activity;744;202;100
35;Activity;744;200;100
35;Activity;744;199;100
35;Activity;744;197;100
35;Activity;744;195;100
35;Activity;744;194;100
35;Activity;744;180;100
35;Activity;744;119;100
35;Activity;744;90;100
35;Activity;744;87;100
35;Activity;744;77;100
35;Activity;744;66;100
35;Activity;744;53;100
35;Activity;744;47;100
35;Activity;744;42;100
35;Activity;744;40;100
35;Activity;744;39;100
35;Activity;744;34;100
35;Activity;744;22;100
35;Activity;744;20;100
35;Activity;745;267;100
35;Activity;745;257;100
35;Activity;745;255;100
35;Activity;745;229;100
35;Activity;745;227;100
35;Activity;745;202;100
35;Activity;745;200;100
35;Activity;745;199;100
35;Activity;745;197;100
35;Activity;745;195;100
35;Activity;745;194;100
35;Activity;745;180;100
35;Activity;745;119;100
35;Activity;745;90;100
35;Activity;745;87;100
35;Activity;745;77;100
35;Activity;745;66;100
35;Activity;745;53;100
35;Activity;745;47;100
35;Activity;745;42;100
35;Activity;745;40;100
35;Activity;745;39;100
35;Activity;745;34;100
35;Activity;745;22;100
35;Activity;745;20;100
35;Activity;746;267;100
35;Activity;746;257;100
35;Activity;746;255;100
35;Activity;746;229;100
35;Activity;746;227;100
35;Activity;746;202;100
35;Activity;746;200;100
35;Activity;746;199;100
35;Activity;746;197;100
35;Activity;746;195;100
35;Activity;746;194;100
35;Activity;746;180;100
35;Activity;746;119;100
35;Activity;746;90;100
35;Activity;746;87;100
35;Activity;746;77;100
35;Activity;746;66;100
35;Activity;746;53;100
35;Activity;746;47;100
35;Activity;746;42;100
35;Activity;746;40;100
35;Activity;746;39;100
35;Activity;746;34;100
35;Activity;746;22;100
35;Activity;746;20;100
35;Activity;747;267;100
35;Activity;747;257;100
35;Activity;747;255;100
35;Activity;747;229;100
35;Activity;747;227;100
35;Activity;747;202;100
35;Activity;747;200;100
35;Activity;747;199;100
35;Activity;747;197;100
35;Activity;747;195;100
35;Activity;747;194;100
35;Activity;747;180;100
35;Activity;747;119;100
35;Activity;747;90;100
35;Activity;747;87;100
35;Activity;747;77;100
35;Activity;747;66;100
35;Activity;747;53;100
35;Activity;747;47;100
35;Activity;747;42;100
35;Activity;747;40;100
35;Activity;747;39;100
35;Activity;747;34;100
35;Activity;747;22;100
35;Activity;747;20;100
35;Activity;748;267;100
35;Activity;748;257;100
35;Activity;748;255;100
35;Activity;748;229;100
35;Activity;748;227;100
35;Activity;748;202;100
35;Activity;748;200;100
35;Activity;748;199;100
35;Activity;748;197;100
35;Activity;748;195;100
35;Activity;748;194;100
35;Activity;748;180;100
35;Activity;748;119;100
35;Activity;748;90;100
35;Activity;748;87;100
35;Activity;748;77;100
35;Activity;748;66;100
35;Activity;748;53;100
35;Activity;748;47;100
35;Activity;748;42;100
35;Activity;748;40;100
35;Activity;748;39;100
35;Activity;748;34;100
35;Activity;748;22;100
35;Activity;748;20;100
35;Activity;749;267;100
35;Activity;749;257;100
35;Activity;749;255;100
35;Activity;749;229;100
35;Activity;749;227;100
35;Activity;749;202;100
35;Activity;749;200;100
35;Activity;749;199;100
35;Activity;749;197;100
35;Activity;749;195;100
35;Activity;749;194;100
35;Activity;749;180;100
35;Activity;749;119;100
35;Activity;749;90;100
35;Activity;749;87;100
35;Activity;749;77;100
35;Activity;749;66;100
35;Activity;749;53;100
35;Activity;749;47;100
35;Activity;749;42;100
35;Activity;749;40;100
35;Activity;749;39;100
35;Activity;749;34;100
35;Activity;749;22;100
35;Activity;749;20;100
35;Activity;750;267;100
35;Activity;750;257;100
35;Activity;750;255;100
35;Activity;750;229;100
35;Activity;750;227;100
35;Activity;750;202;100
35;Activity;750;200;100
35;Activity;750;199;100
35;Activity;750;197;100
35;Activity;750;195;100
35;Activity;750;194;100
35;Activity;750;180;100
35;Activity;750;119;100
35;Activity;750;90;100
35;Activity;750;87;100
35;Activity;750;77;100
35;Activity;750;66;100
35;Activity;750;53;100
35;Activity;750;47;100
35;Activity;750;42;100
35;Activity;750;40;100
35;Activity;750;39;100
35;Activity;750;34;100
35;Activity;750;22;100
35;Activity;750;20;100
35;Activity;751;267;100
35;Activity;751;257;100
35;Activity;751;255;100
35;Activity;751;229;100
35;Activity;751;227;100
35;Activity;751;202;100
35;Activity;751;200;100
35;Activity;751;199;100
35;Activity;751;197;100
35;Activity;751;195;100
35;Activity;751;194;100
35;Activity;751;180;100
35;Activity;751;119;100
35;Activity;751;90;100
35;Activity;751;87;100
35;Activity;751;77;100
35;Activity;751;66;100
35;Activity;751;53;100
35;Activity;751;47;100
35;Activity;751;42;100
35;Activity;751;40;100
35;Activity;751;39;100
35;Activity;751;34;100
35;Activity;751;22;100
35;Activity;751;20;100
35;Activity;752;267;100
35;Activity;752;257;100
35;Activity;752;255;100
35;Activity;752;229;100
35;Activity;752;227;100
35;Activity;752;202;100
35;Activity;752;200;100
35;Activity;752;199;100
35;Activity;752;197;100
35;Activity;752;195;100
35;Activity;752;194;100
35;Activity;752;180;100
35;Activity;752;119;100
35;Activity;752;90;100
35;Activity;752;87;100
35;Activity;752;77;100
35;Activity;752;66;100
35;Activity;752;53;100
35;Activity;752;47;100
35;Activity;752;42;100
35;Activity;752;40;100
35;Activity;752;39;100
35;Activity;752;34;100
35;Activity;752;22;100
35;Activity;752;20;100
35;Activity;753;267;100
35;Activity;753;257;100
35;Activity;753;255;100
35;Activity;753;229;100
35;Activity;753;227;100
35;Activity;753;202;100
35;Activity;753;200;100
35;Activity;753;199;100
35;Activity;753;197;100
35;Activity;753;195;100
35;Activity;753;194;100
35;Activity;753;180;100
35;Activity;753;119;100
35;Activity;753;90;100
35;Activity;753;87;100
35;Activity;753;77;100
35;Activity;753;66;100
35;Activity;753;53;100
35;Activity;753;47;100
35;Activity;753;42;100
35;Activity;753;40;100
35;Activity;753;39;100
35;Activity;753;34;100
35;Activity;753;22;100
35;Activity;753;20;100
37;Activity;754;267;100
37;Activity;754;257;100
37;Activity;754;255;100
37;Activity;754;229;100
37;Activity;754;227;100
37;Activity;754;202;100
37;Activity;754;200;100
37;Activity;754;199;100
37;Activity;754;197;100
37;Activity;754;195;100
37;Activity;754;194;100
37;Activity;754;180;100
37;Activity;754;119;100
37;Activity;754;90;100
37;Activity;754;87;100
37;Activity;754;77;100
37;Activity;754;66;100
37;Activity;754;53;100
37;Activity;754;47;100
37;Activity;754;42;100
37;Activity;754;40;100
37;Activity;754;39;100
37;Activity;754;34;100
37;Activity;754;22;100
37;Activity;754;20;100
37;Activity;755;267;100
37;Activity;755;257;100
37;Activity;755;255;100
37;Activity;755;229;100
37;Activity;755;227;100
37;Activity;755;202;100
37;Activity;755;200;100
37;Activity;755;199;100
37;Activity;755;197;100
37;Activity;755;195;100
37;Activity;755;194;100
37;Activity;755;180;100
37;Activity;755;119;100
37;Activity;755;90;100
37;Activity;755;87;100
37;Activity;755;77;100
37;Activity;755;66;100
37;Activity;755;53;100
37;Activity;755;47;100
37;Activity;755;42;100
37;Activity;755;40;100
37;Activity;755;39;100
37;Activity;755;34;100
37;Activity;755;22;100
37;Activity;755;20;100
37;Activity;756;267;100
37;Activity;756;257;100
37;Activity;756;255;100
37;Activity;756;229;100
37;Activity;756;227;100
37;Activity;756;202;100
37;Activity;756;200;100
37;Activity;756;199;100
37;Activity;756;197;100
37;Activity;756;195;100
37;Activity;756;194;100
37;Activity;756;180;100
37;Activity;756;119;100
37;Activity;756;90;100
37;Activity;756;87;100
37;Activity;756;77;100
37;Activity;756;66;100
37;Activity;756;53;100
37;Activity;756;47;100
37;Activity;756;42;100
37;Activity;756;40;100
37;Activity;756;39;100
37;Activity;756;34;100
37;Activity;756;22;100
37;Activity;756;20;100
37;Activity;757;267;100
37;Activity;757;257;100
37;Activity;757;255;100
37;Activity;757;229;100
37;Activity;757;227;100
37;Activity;757;202;100
37;Activity;757;200;100
37;Activity;757;199;100
37;Activity;757;197;100
37;Activity;757;195;100
37;Activity;757;194;100
37;Activity;757;180;100
37;Activity;757;119;100
37;Activity;757;90;100
37;Activity;757;87;100
37;Activity;757;77;100
37;Activity;757;66;100
37;Activity;757;53;100
37;Activity;757;47;100
37;Activity;757;42;100
37;Activity;757;40;100
37;Activity;757;39;100
37;Activity;757;34;100
37;Activity;757;22;100
37;Activity;757;20;100
37;Activity;758;267;100
37;Activity;758;257;100
37;Activity;758;255;100
37;Activity;758;229;100
37;Activity;758;227;100
37;Activity;758;202;100
37;Activity;758;200;100
37;Activity;758;199;100
37;Activity;758;197;100
37;Activity;758;195;100
37;Activity;758;194;100
37;Activity;758;180;100
37;Activity;758;119;100
37;Activity;758;90;100
37;Activity;758;87;100
37;Activity;758;77;100
37;Activity;758;66;100
37;Activity;758;53;100
37;Activity;758;47;100
37;Activity;758;42;100
37;Activity;758;40;100
37;Activity;758;39;100
37;Activity;758;34;100
37;Activity;758;22;100
37;Activity;758;20;100
37;Activity;759;267;100
37;Activity;759;257;100
37;Activity;759;255;100
37;Activity;759;229;100
37;Activity;759;227;100
37;Activity;759;202;100
37;Activity;759;200;100
37;Activity;759;199;100
37;Activity;759;197;100
37;Activity;759;195;100
37;Activity;759;194;100
37;Activity;759;180;100
37;Activity;759;119;100
37;Activity;759;90;100
37;Activity;759;87;100
37;Activity;759;77;100
37;Activity;759;66;100
37;Activity;759;53;100
37;Activity;759;47;100
37;Activity;759;42;100
37;Activity;759;40;100
37;Activity;759;39;100
37;Activity;759;34;100
37;Activity;759;22;100
37;Activity;759;20;100
37;Activity;760;267;100
37;Activity;760;257;100
37;Activity;760;255;100
37;Activity;760;229;100
37;Activity;760;227;100
37;Activity;760;202;100
37;Activity;760;200;100
37;Activity;760;199;100
37;Activity;760;197;100
37;Activity;760;195;100
37;Activity;760;194;100
37;Activity;760;180;100
37;Activity;760;119;100
37;Activity;760;90;100
37;Activity;760;87;100
37;Activity;760;77;100
37;Activity;760;66;100
37;Activity;760;53;100
37;Activity;760;47;100
37;Activity;760;42;100
37;Activity;760;40;100
37;Activity;760;39;100
37;Activity;760;34;100
37;Activity;760;22;100
37;Activity;760;20;100
37;Activity;761;267;100
37;Activity;761;257;100
37;Activity;761;255;100
37;Activity;761;229;100
37;Activity;761;227;100
37;Activity;761;202;100
37;Activity;761;200;100
37;Activity;761;199;100
37;Activity;761;197;100
37;Activity;761;195;100
37;Activity;761;194;100
37;Activity;761;180;100
37;Activity;761;119;100
37;Activity;761;90;100
37;Activity;761;87;100
37;Activity;761;77;100
37;Activity;761;66;100
37;Activity;761;53;100
37;Activity;761;47;100
37;Activity;761;42;100
37;Activity;761;40;100
37;Activity;761;39;100
37;Activity;761;34;100
37;Activity;761;22;100
37;Activity;761;20;100
37;Activity;762;267;100
37;Activity;762;257;100
37;Activity;762;255;100
37;Activity;762;229;100
37;Activity;762;227;100
37;Activity;762;202;100
37;Activity;762;200;100
37;Activity;762;199;100
37;Activity;762;197;100
37;Activity;762;195;100
37;Activity;762;194;100
37;Activity;762;180;100
37;Activity;762;119;100
37;Activity;762;90;100
37;Activity;762;87;100
37;Activity;762;77;100
37;Activity;762;66;100
37;Activity;762;53;100
37;Activity;762;47;100
37;Activity;762;42;100
37;Activity;762;40;100
37;Activity;762;39;100
37;Activity;762;34;100
37;Activity;762;22;100
37;Activity;762;20;100
37;Activity;763;267;100
37;Activity;763;257;100
37;Activity;763;255;100
37;Activity;763;229;100
37;Activity;763;227;100
37;Activity;763;202;100
37;Activity;763;200;100
37;Activity;763;199;100
37;Activity;763;197;100
37;Activity;763;195;100
37;Activity;763;194;100
37;Activity;763;180;100
37;Activity;763;119;100
37;Activity;763;90;100
37;Activity;763;87;100
37;Activity;763;77;100
37;Activity;763;66;100
37;Activity;763;53;100
37;Activity;763;47;100
37;Activity;763;42;100
37;Activity;763;40;100
37;Activity;763;39;100
37;Activity;763;34;100
37;Activity;763;22;100
37;Activity;763;20;100
37;Activity;764;267;100
37;Activity;764;257;100
37;Activity;764;255;100
37;Activity;764;229;100
37;Activity;764;227;100
37;Activity;764;202;100
37;Activity;764;200;100
37;Activity;764;199;100
37;Activity;764;197;100
37;Activity;764;195;100
37;Activity;764;194;100
37;Activity;764;180;100
37;Activity;764;119;100
37;Activity;764;90;100
37;Activity;764;87;100
37;Activity;764;77;100
37;Activity;764;66;100
37;Activity;764;53;100
37;Activity;764;47;100
37;Activity;764;42;100
37;Activity;764;40;100
37;Activity;764;39;100
37;Activity;764;34;100
37;Activity;764;22;100
37;Activity;764;20;100
33;Activity;765;267;100
33;Activity;765;257;100
33;Activity;765;255;100
33;Activity;765;229;100
33;Activity;765;227;100
33;Activity;765;202;100
33;Activity;765;200;100
33;Activity;765;199;100
33;Activity;765;197;100
33;Activity;765;195;100
33;Activity;765;194;100
33;Activity;765;180;100
33;Activity;765;119;100
33;Activity;765;90;100
33;Activity;765;87;100
33;Activity;765;77;100
33;Activity;765;66;100
33;Activity;765;53;100
33;Activity;765;47;100
33;Activity;765;42;100
33;Activity;765;40;100
33;Activity;765;39;100
33;Activity;765;34;100
33;Activity;765;22;100
33;Activity;765;20;100
33;Activity;766;267;100
33;Activity;766;257;100
33;Activity;766;255;100
33;Activity;766;229;100
33;Activity;766;227;100
33;Activity;766;202;100
33;Activity;766;200;100
33;Activity;766;199;100
33;Activity;766;197;100
33;Activity;766;195;100
33;Activity;766;194;100
33;Activity;766;180;100
33;Activity;766;119;100
33;Activity;766;90;100
33;Activity;766;87;100
33;Activity;766;77;100
33;Activity;766;66;100
33;Activity;766;53;100
33;Activity;766;47;100
33;Activity;766;42;100
33;Activity;766;40;100
33;Activity;766;39;100
33;Activity;766;34;100
33;Activity;766;22;100
33;Activity;766;20;100
33;Activity;767;267;100
33;Activity;767;257;100
33;Activity;767;255;100
33;Activity;767;229;100
33;Activity;767;227;100
33;Activity;767;202;100
33;Activity;767;200;100
33;Activity;767;199;100
33;Activity;767;197;100
33;Activity;767;195;100
33;Activity;767;194;100
33;Activity;767;180;100
33;Activity;767;119;100
33;Activity;767;90;100
33;Activity;767;87;100
33;Activity;767;77;100
33;Activity;767;66;100
33;Activity;767;53;100
33;Activity;767;47;100
33;Activity;767;42;100
33;Activity;767;40;100
33;Activity;767;39;100
33;Activity;767;34;100
33;Activity;767;22;100
33;Activity;767;20;100
33;Activity;768;267;100
33;Activity;768;257;100
33;Activity;768;255;100
33;Activity;768;229;100
33;Activity;768;227;100
33;Activity;768;202;100
33;Activity;768;200;100
33;Activity;768;199;100
33;Activity;768;197;100
33;Activity;768;195;100
33;Activity;768;194;100
33;Activity;768;180;100
33;Activity;768;119;100
33;Activity;768;90;100
33;Activity;768;87;100
33;Activity;768;77;100
33;Activity;768;66;100
33;Activity;768;53;100
33;Activity;768;47;100
33;Activity;768;42;100
33;Activity;768;40;100
33;Activity;768;39;100
33;Activity;768;34;100
33;Activity;768;22;100
33;Activity;768;20;100
33;Activity;769;267;100
33;Activity;769;257;100
33;Activity;769;255;100
33;Activity;769;229;100
33;Activity;769;227;100
33;Activity;769;202;100
33;Activity;769;200;100
33;Activity;769;199;100
33;Activity;769;197;100
33;Activity;769;195;100
33;Activity;769;194;100
33;Activity;769;180;100
33;Activity;769;119;100
33;Activity;769;90;100
33;Activity;769;87;100
33;Activity;769;77;100
33;Activity;769;66;100
33;Activity;769;53;100
33;Activity;769;47;100
33;Activity;769;42;100
33;Activity;769;40;100
33;Activity;769;39;100
33;Activity;769;34;100
33;Activity;769;22;100
33;Activity;769;20;100
33;Activity;770;267;100
33;Activity;770;257;100
33;Activity;770;255;100
33;Activity;770;229;100
33;Activity;770;227;100
33;Activity;770;202;100
33;Activity;770;200;100
33;Activity;770;199;100
33;Activity;770;197;100
33;Activity;770;195;100
33;Activity;770;194;100
33;Activity;770;180;100
33;Activity;770;119;100
33;Activity;770;90;100
33;Activity;770;87;100
33;Activity;770;77;100
33;Activity;770;66;100
33;Activity;770;53;100
33;Activity;770;47;100
33;Activity;770;42;100
33;Activity;770;40;100
33;Activity;770;39;100
33;Activity;770;34;100
33;Activity;770;22;100
33;Activity;770;20;100
33;Activity;771;267;100
33;Activity;771;257;100
33;Activity;771;255;100
33;Activity;771;229;100
33;Activity;771;227;100
33;Activity;771;202;100
33;Activity;771;200;100
33;Activity;771;199;100
33;Activity;771;197;100
33;Activity;771;195;100
33;Activity;771;194;100
33;Activity;771;180;100
33;Activity;771;119;100
33;Activity;771;90;100
33;Activity;771;87;100
33;Activity;771;77;100
33;Activity;771;66;100
33;Activity;771;53;100
33;Activity;771;47;100
33;Activity;771;42;100
33;Activity;771;40;100
33;Activity;771;39;100
33;Activity;771;34;100
33;Activity;771;22;100
33;Activity;771;20;100
33;Activity;772;267;100
33;Activity;772;257;100
33;Activity;772;255;100
33;Activity;772;229;100
33;Activity;772;227;100
33;Activity;772;202;100
33;Activity;772;200;100
33;Activity;772;199;100
33;Activity;772;197;100
33;Activity;772;195;100
33;Activity;772;194;100
33;Activity;772;180;100
33;Activity;772;119;100
33;Activity;772;90;100
33;Activity;772;87;100
33;Activity;772;77;100
33;Activity;772;66;100
33;Activity;772;53;100
33;Activity;772;47;100
33;Activity;772;42;100
33;Activity;772;40;100
33;Activity;772;39;100
33;Activity;772;34;100
33;Activity;772;22;100
33;Activity;772;20;100
33;Activity;773;267;100
33;Activity;773;257;100
33;Activity;773;255;100
33;Activity;773;229;100
33;Activity;773;227;100
33;Activity;773;202;100
33;Activity;773;200;100
33;Activity;773;199;100
33;Activity;773;197;100
33;Activity;773;195;100
33;Activity;773;194;100
33;Activity;773;180;100
33;Activity;773;119;100
33;Activity;773;90;100
33;Activity;773;87;100
33;Activity;773;77;100
33;Activity;773;66;100
33;Activity;773;53;100
33;Activity;773;47;100
33;Activity;773;42;100
33;Activity;773;40;100
33;Activity;773;39;100
33;Activity;773;34;100
33;Activity;773;22;100
33;Activity;773;20;100
33;Activity;774;267;100
33;Activity;774;257;100
33;Activity;774;255;100
33;Activity;774;229;100
33;Activity;774;227;100
33;Activity;774;202;100
33;Activity;774;200;100
33;Activity;774;199;100
33;Activity;774;197;100
33;Activity;774;195;100
33;Activity;774;194;100
33;Activity;774;180;100
33;Activity;774;119;100
33;Activity;774;90;100
33;Activity;774;87;100
33;Activity;774;77;100
33;Activity;774;66;100
33;Activity;774;53;100
33;Activity;774;47;100
33;Activity;774;42;100
33;Activity;774;40;100
33;Activity;774;39;100
33;Activity;774;34;100
33;Activity;774;22;100
33;Activity;774;20;100
33;Activity;775;267;100
33;Activity;775;257;100
33;Activity;775;255;100
33;Activity;775;229;100
33;Activity;775;227;100
33;Activity;775;202;100
33;Activity;775;200;100
33;Activity;775;199;100
33;Activity;775;197;100
33;Activity;775;195;100
33;Activity;775;194;100
33;Activity;775;180;100
33;Activity;775;119;100
33;Activity;775;90;100
33;Activity;775;87;100
33;Activity;775;77;100
33;Activity;775;66;100
33;Activity;775;53;100
33;Activity;775;47;100
33;Activity;775;42;100
33;Activity;775;40;100
33;Activity;775;39;100
33;Activity;775;34;100
33;Activity;775;22;100
33;Activity;775;20;100
75;Activity;778;267;100
75;Activity;778;257;100
75;Activity;778;255;100
75;Activity;778;229;100
75;Activity;778;227;100
75;Activity;778;202;100
75;Activity;778;200;100
75;Activity;778;199;100
75;Activity;778;197;100
75;Activity;778;195;100
75;Activity;778;194;100
75;Activity;778;180;100
75;Activity;778;119;100
75;Activity;778;90;100
75;Activity;778;87;100
75;Activity;778;77;100
75;Activity;778;66;100
75;Activity;778;53;100
75;Activity;778;47;100
75;Activity;778;42;100
75;Activity;778;40;100
75;Activity;778;39;100
75;Activity;778;34;100
75;Activity;778;22;100
75;Activity;778;20;100
75;Activity;779;267;100
75;Activity;779;257;100
75;Activity;779;255;100
75;Activity;779;229;100
75;Activity;779;227;100
75;Activity;779;202;100
75;Activity;779;200;100
75;Activity;779;199;100
75;Activity;779;197;100
75;Activity;779;195;100
75;Activity;779;194;100
75;Activity;779;180;100
75;Activity;779;119;100
75;Activity;779;90;100
75;Activity;779;87;100
75;Activity;779;77;100
75;Activity;779;66;100
75;Activity;779;53;100
75;Activity;779;47;100
75;Activity;779;42;100
75;Activity;779;40;100
75;Activity;779;39;100
75;Activity;779;34;100
75;Activity;779;22;100
75;Activity;779;20;100
75;Activity;780;267;100
75;Activity;780;257;100
75;Activity;780;255;100
75;Activity;780;229;100
75;Activity;780;227;100
75;Activity;780;202;100
75;Activity;780;200;100
75;Activity;780;199;100
75;Activity;780;197;100
75;Activity;780;195;100
75;Activity;780;194;100
75;Activity;780;180;100
75;Activity;780;119;100
75;Activity;780;90;100
75;Activity;780;87;100
75;Activity;780;77;100
75;Activity;780;66;100
75;Activity;780;53;100
75;Activity;780;47;100
75;Activity;780;42;100
75;Activity;780;40;100
75;Activity;780;39;100
75;Activity;780;34;100
75;Activity;780;22;100
75;Activity;780;20;100
75;Activity;781;267;100
75;Activity;781;257;100
75;Activity;781;255;100
75;Activity;781;229;100
75;Activity;781;227;100
75;Activity;781;202;100
75;Activity;781;200;100
75;Activity;781;199;100
75;Activity;781;197;100
75;Activity;781;195;100
75;Activity;781;194;100
75;Activity;781;180;100
75;Activity;781;119;100
75;Activity;781;90;100
75;Activity;781;87;100
75;Activity;781;77;100
75;Activity;781;66;100
75;Activity;781;53;100
75;Activity;781;47;100
75;Activity;781;42;100
75;Activity;781;40;100
75;Activity;781;39;100
75;Activity;781;34;100
75;Activity;781;22;100
75;Activity;781;20;100
75;Activity;782;267;100
75;Activity;782;257;100
75;Activity;782;255;100
75;Activity;782;229;100
75;Activity;782;227;100
75;Activity;782;202;100
75;Activity;782;200;100
75;Activity;782;199;100
75;Activity;782;197;100
75;Activity;782;195;100
75;Activity;782;194;100
75;Activity;782;180;100
75;Activity;782;119;100
75;Activity;782;90;100
75;Activity;782;87;100
75;Activity;782;77;100
75;Activity;782;66;100
75;Activity;782;53;100
75;Activity;782;47;100
75;Activity;782;42;100
75;Activity;782;40;100
75;Activity;782;39;100
75;Activity;782;34;100
75;Activity;782;22;100
75;Activity;782;20;100
75;Activity;783;267;100
75;Activity;783;257;100
75;Activity;783;255;100
75;Activity;783;229;100
75;Activity;783;227;100
75;Activity;783;202;100
75;Activity;783;200;100
75;Activity;783;199;100
75;Activity;783;197;100
75;Activity;783;195;100
75;Activity;783;194;100
75;Activity;783;180;100
75;Activity;783;119;100
75;Activity;783;90;100
75;Activity;783;87;100
75;Activity;783;77;100
75;Activity;783;66;100
75;Activity;783;53;100
75;Activity;783;47;100
75;Activity;783;42;100
75;Activity;783;40;100
75;Activity;783;39;100
75;Activity;783;34;100
75;Activity;783;22;100
75;Activity;783;20;100
75;Activity;784;267;100
75;Activity;784;257;100
75;Activity;784;255;100
75;Activity;784;229;100
75;Activity;784;227;100
75;Activity;784;202;100
75;Activity;784;200;100
75;Activity;784;199;100
75;Activity;784;197;100
75;Activity;784;195;100
75;Activity;784;194;100
75;Activity;784;180;100
75;Activity;784;119;100
75;Activity;784;90;100
75;Activity;784;87;100
75;Activity;784;77;100
75;Activity;784;66;100
75;Activity;784;53;100
75;Activity;784;47;100
75;Activity;784;42;100
75;Activity;784;40;100
75;Activity;784;39;100
75;Activity;784;34;100
75;Activity;784;22;100
75;Activity;784;20;100
75;Activity;785;267;100
75;Activity;785;257;100
75;Activity;785;255;100
75;Activity;785;229;100
75;Activity;785;227;100
75;Activity;785;202;100
75;Activity;785;200;100
75;Activity;785;199;100
75;Activity;785;197;100
75;Activity;785;195;100
75;Activity;785;194;100
75;Activity;785;180;100
75;Activity;785;119;100
75;Activity;785;90;100
75;Activity;785;87;100
75;Activity;785;77;100
75;Activity;785;66;100
75;Activity;785;53;100
75;Activity;785;47;100
75;Activity;785;42;100
75;Activity;785;40;100
75;Activity;785;39;100
75;Activity;785;34;100
75;Activity;785;22;100
75;Activity;785;20;100
75;Activity;786;267;100
75;Activity;786;257;100
75;Activity;786;255;100
75;Activity;786;229;100
75;Activity;786;227;100
75;Activity;786;202;100
75;Activity;786;200;100
75;Activity;786;199;100
75;Activity;786;197;100
75;Activity;786;195;100
75;Activity;786;194;100
75;Activity;786;180;100
75;Activity;786;119;100
75;Activity;786;90;100
75;Activity;786;87;100
75;Activity;786;77;100
75;Activity;786;66;100
75;Activity;786;53;100
75;Activity;786;47;100
75;Activity;786;42;100
75;Activity;786;40;100
75;Activity;786;39;100
75;Activity;786;34;100
75;Activity;786;22;100
75;Activity;786;20;100
75;Activity;787;267;100
75;Activity;787;257;100
75;Activity;787;255;100
75;Activity;787;229;100
75;Activity;787;227;100
75;Activity;787;202;100
75;Activity;787;200;100
75;Activity;787;199;100
75;Activity;787;197;100
75;Activity;787;195;100
75;Activity;787;194;100
75;Activity;787;180;100
75;Activity;787;119;100
75;Activity;787;90;100
75;Activity;787;87;100
75;Activity;787;77;100
75;Activity;787;66;100
75;Activity;787;53;100
75;Activity;787;47;100
75;Activity;787;42;100
75;Activity;787;40;100
75;Activity;787;39;100
75;Activity;787;34;100
75;Activity;787;22;100
75;Activity;787;20;100
75;Activity;788;267;100
75;Activity;788;257;100
75;Activity;788;255;100
75;Activity;788;229;100
75;Activity;788;227;100
75;Activity;788;202;100
75;Activity;788;200;100
75;Activity;788;199;100
75;Activity;788;197;100
75;Activity;788;195;100
75;Activity;788;194;100
75;Activity;788;180;100
75;Activity;788;119;100
75;Activity;788;90;100
75;Activity;788;87;100
75;Activity;788;77;100
75;Activity;788;66;100
75;Activity;788;53;100
75;Activity;788;47;100
75;Activity;788;42;100
75;Activity;788;40;100
75;Activity;788;39;100
75;Activity;788;34;100
75;Activity;788;22;100
75;Activity;788;20;100
75;Activity;789;267;100
75;Activity;789;257;100
75;Activity;789;255;100
75;Activity;789;229;100
75;Activity;789;227;100
75;Activity;789;202;100
75;Activity;789;200;100
75;Activity;789;199;100
75;Activity;789;197;100
75;Activity;789;195;100
75;Activity;789;194;100
75;Activity;789;180;100
75;Activity;789;119;100
75;Activity;789;90;100
75;Activity;789;87;100
75;Activity;789;77;100
75;Activity;789;66;100
75;Activity;789;53;100
75;Activity;789;47;100
75;Activity;789;42;100
75;Activity;789;40;100
75;Activity;789;39;100
75;Activity;789;34;100
75;Activity;789;22;100
75;Activity;789;20;100
75;Activity;790;267;100
75;Activity;790;257;100
75;Activity;790;255;100
75;Activity;790;229;100
75;Activity;790;227;100
75;Activity;790;202;100
75;Activity;790;200;100
75;Activity;790;199;100
75;Activity;790;197;100
75;Activity;790;195;100
75;Activity;790;194;100
75;Activity;790;180;100
75;Activity;790;119;100
75;Activity;790;90;100
75;Activity;790;87;100
75;Activity;790;77;100
75;Activity;790;66;100
75;Activity;790;53;100
75;Activity;790;47;100
75;Activity;790;42;100
75;Activity;790;40;100
75;Activity;790;39;100
75;Activity;790;34;100
75;Activity;790;22;100
75;Activity;790;20;100
75;Activity;791;267;100
75;Activity;791;257;100
75;Activity;791;255;100
75;Activity;791;229;100
75;Activity;791;227;100
75;Activity;791;202;100
75;Activity;791;200;100
75;Activity;791;199;100
75;Activity;791;197;100
75;Activity;791;195;100
75;Activity;791;194;100
75;Activity;791;180;100
75;Activity;791;119;100
75;Activity;791;90;100
75;Activity;791;87;100
75;Activity;791;77;100
75;Activity;791;66;100
75;Activity;791;53;100
75;Activity;791;47;100
75;Activity;791;42;100
75;Activity;791;40;100
75;Activity;791;39;100
75;Activity;791;34;100
75;Activity;791;22;100
75;Activity;791;20;100
75;Activity;792;267;100
75;Activity;792;257;100
75;Activity;792;255;100
75;Activity;792;229;100
75;Activity;792;227;100
75;Activity;792;202;100
75;Activity;792;200;100
75;Activity;792;199;100
75;Activity;792;197;100
75;Activity;792;195;100
75;Activity;792;194;100
75;Activity;792;180;100
75;Activity;792;119;100
75;Activity;792;90;100
75;Activity;792;87;100
75;Activity;792;77;100
75;Activity;792;66;100
75;Activity;792;53;100
75;Activity;792;47;100
75;Activity;792;42;100
75;Activity;792;40;100
75;Activity;792;39;100
75;Activity;792;34;100
75;Activity;792;22;100
75;Activity;792;20;100
75;Activity;793;267;100
75;Activity;793;257;100
75;Activity;793;255;100
75;Activity;793;229;100
75;Activity;793;227;100
75;Activity;793;202;100
75;Activity;793;200;100
75;Activity;793;199;100
75;Activity;793;197;100
75;Activity;793;195;100
75;Activity;793;194;100
75;Activity;793;180;100
75;Activity;793;119;100
75;Activity;793;90;100
75;Activity;793;87;100
75;Activity;793;77;100
75;Activity;793;66;100
75;Activity;793;53;100
75;Activity;793;47;100
75;Activity;793;42;100
75;Activity;793;40;100
75;Activity;793;39;100
75;Activity;793;34;100
75;Activity;793;22;100
75;Activity;793;20;100
75;Activity;794;267;100
75;Activity;794;257;100
75;Activity;794;255;100
75;Activity;794;229;100
75;Activity;794;227;100
75;Activity;794;202;100
75;Activity;794;200;100
75;Activity;794;199;100
75;Activity;794;197;100
75;Activity;794;195;100
75;Activity;794;194;100
75;Activity;794;180;100
75;Activity;794;119;100
75;Activity;794;90;100
75;Activity;794;87;100
75;Activity;794;77;100
75;Activity;794;66;100
75;Activity;794;53;100
75;Activity;794;47;100
75;Activity;794;42;100
75;Activity;794;40;100
75;Activity;794;39;100
75;Activity;794;34;100
75;Activity;794;22;100
75;Activity;794;20;100
75;Activity;795;267;100
75;Activity;795;257;100
75;Activity;795;255;100
75;Activity;795;229;100
75;Activity;795;227;100
75;Activity;795;202;100
75;Activity;795;200;100
75;Activity;795;199;100
75;Activity;795;197;100
75;Activity;795;195;100
75;Activity;795;194;100
75;Activity;795;180;100
75;Activity;795;119;100
75;Activity;795;90;100
75;Activity;795;87;100
75;Activity;795;77;100
75;Activity;795;66;100
75;Activity;795;53;100
75;Activity;795;47;100
75;Activity;795;42;100
75;Activity;795;40;100
75;Activity;795;39;100
75;Activity;795;34;100
75;Activity;795;22;100
75;Activity;795;20;100
75;Activity;796;267;100
75;Activity;796;257;100
75;Activity;796;255;100
75;Activity;796;229;100
75;Activity;796;227;100
75;Activity;796;202;100
75;Activity;796;200;100
75;Activity;796;199;100
75;Activity;796;197;100
75;Activity;796;195;100
75;Activity;796;194;100
75;Activity;796;180;100
75;Activity;796;119;100
75;Activity;796;90;100
75;Activity;796;87;100
75;Activity;796;77;100
75;Activity;796;66;100
75;Activity;796;53;100
75;Activity;796;47;100
75;Activity;796;42;100
75;Activity;796;40;100
75;Activity;796;39;100
75;Activity;796;34;100
75;Activity;796;22;100
75;Activity;796;20;100
75;Activity;797;267;100
75;Activity;797;257;100
75;Activity;797;255;100
75;Activity;797;229;100
75;Activity;797;227;100
75;Activity;797;202;100
75;Activity;797;200;100
75;Activity;797;199;100
75;Activity;797;197;100
75;Activity;797;195;100
75;Activity;797;194;100
75;Activity;797;180;100
75;Activity;797;119;100
75;Activity;797;90;100
75;Activity;797;87;100
75;Activity;797;77;100
75;Activity;797;66;100
75;Activity;797;53;100
75;Activity;797;47;100
75;Activity;797;42;100
75;Activity;797;40;100
75;Activity;797;39;100
75;Activity;797;34;100
75;Activity;797;22;100
75;Activity;797;20;100
75;Activity;798;267;100
75;Activity;798;257;100
75;Activity;798;255;100
75;Activity;798;229;100
75;Activity;798;227;100
75;Activity;798;202;100
75;Activity;798;200;100
75;Activity;798;199;100
75;Activity;798;197;100
75;Activity;798;195;100
75;Activity;798;194;100
75;Activity;798;180;100
75;Activity;798;119;100
75;Activity;798;90;100
75;Activity;798;87;100
75;Activity;798;77;100
75;Activity;798;66;100
75;Activity;798;53;100
75;Activity;798;47;100
75;Activity;798;42;100
75;Activity;798;40;100
75;Activity;798;39;100
75;Activity;798;34;100
75;Activity;798;22;100
75;Activity;798;20;100
75;Activity;799;267;100
75;Activity;799;257;100
75;Activity;799;255;100
75;Activity;799;229;100
75;Activity;799;227;100
75;Activity;799;202;100
75;Activity;799;200;100
75;Activity;799;199;100
75;Activity;799;197;100
75;Activity;799;195;100
75;Activity;799;194;100
75;Activity;799;180;100
75;Activity;799;119;100
75;Activity;799;90;100
75;Activity;799;87;100
75;Activity;799;77;100
75;Activity;799;66;100
75;Activity;799;53;100
75;Activity;799;47;100
75;Activity;799;42;100
75;Activity;799;40;100
75;Activity;799;39;100
75;Activity;799;34;100
75;Activity;799;22;100
75;Activity;799;20;100
37;Activity;801;267;100
37;Activity;801;257;100
37;Activity;801;255;100
37;Activity;801;229;100
37;Activity;801;227;100
37;Activity;801;202;100
37;Activity;801;200;100
37;Activity;801;199;100
37;Activity;801;197;100
37;Activity;801;195;100
37;Activity;801;194;100
37;Activity;801;180;100
37;Activity;801;119;100
37;Activity;801;90;100
37;Activity;801;87;100
37;Activity;801;77;100
37;Activity;801;66;100
37;Activity;801;53;100
37;Activity;801;47;100
37;Activity;801;42;100
37;Activity;801;40;100
37;Activity;801;39;100
37;Activity;801;34;100
37;Activity;801;22;100
37;Activity;801;20;100
37;Activity;802;267;100
37;Activity;802;257;100
37;Activity;802;255;100
37;Activity;802;229;100
37;Activity;802;227;100
37;Activity;802;202;100
37;Activity;802;200;100
37;Activity;802;199;100
37;Activity;802;197;100
37;Activity;802;195;100
37;Activity;802;194;100
37;Activity;802;180;100
37;Activity;802;119;100
37;Activity;802;90;100
37;Activity;802;87;100
37;Activity;802;77;100
37;Activity;802;66;100
37;Activity;802;53;100
37;Activity;802;47;100
37;Activity;802;42;100
37;Activity;802;40;100
37;Activity;802;39;100
37;Activity;802;34;100
37;Activity;802;22;100
37;Activity;802;20;100
37;Activity;803;267;100
37;Activity;803;257;100
37;Activity;803;255;100
37;Activity;803;229;100
37;Activity;803;227;100
37;Activity;803;202;100
37;Activity;803;200;100
37;Activity;803;199;100
37;Activity;803;197;100
37;Activity;803;195;100
37;Activity;803;194;100
37;Activity;803;180;100
37;Activity;803;119;100
37;Activity;803;90;100
37;Activity;803;87;100
37;Activity;803;77;100
37;Activity;803;66;100
37;Activity;803;53;100
37;Activity;803;47;100
37;Activity;803;42;100
37;Activity;803;40;100
37;Activity;803;39;100
37;Activity;803;34;100
37;Activity;803;22;100
37;Activity;803;20;100
37;Activity;804;267;100
37;Activity;804;257;100
37;Activity;804;255;100
37;Activity;804;229;100
37;Activity;804;227;100
37;Activity;804;202;100
37;Activity;804;200;100
37;Activity;804;199;100
37;Activity;804;197;100
37;Activity;804;195;100
37;Activity;804;194;100
37;Activity;804;180;100
37;Activity;804;119;100
37;Activity;804;90;100
37;Activity;804;87;100
37;Activity;804;77;100
37;Activity;804;66;100
37;Activity;804;53;100
37;Activity;804;47;100
37;Activity;804;42;100
37;Activity;804;40;100
37;Activity;804;39;100
37;Activity;804;34;100
37;Activity;804;22;100
37;Activity;804;20;100
37;Activity;805;267;100
37;Activity;805;257;100
37;Activity;805;255;100
37;Activity;805;229;100
37;Activity;805;227;100
37;Activity;805;202;100
37;Activity;805;200;100
37;Activity;805;199;100
37;Activity;805;197;100
37;Activity;805;195;100
37;Activity;805;194;100
37;Activity;805;180;100
37;Activity;805;119;100
37;Activity;805;90;100
37;Activity;805;87;100
37;Activity;805;77;100
37;Activity;805;66;100
37;Activity;805;53;100
37;Activity;805;47;100
37;Activity;805;42;100
37;Activity;805;40;100
37;Activity;805;39;100
37;Activity;805;34;100
37;Activity;805;22;100
37;Activity;805;20;100
37;Activity;806;267;100
37;Activity;806;257;100
37;Activity;806;255;100
37;Activity;806;229;100
37;Activity;806;227;100
37;Activity;806;202;100
37;Activity;806;200;100
37;Activity;806;199;100
37;Activity;806;197;100
37;Activity;806;195;100
37;Activity;806;194;100
37;Activity;806;180;100
37;Activity;806;119;100
37;Activity;806;90;100
37;Activity;806;87;100
37;Activity;806;77;100
37;Activity;806;66;100
37;Activity;806;53;100
37;Activity;806;47;100
37;Activity;806;42;100
37;Activity;806;40;100
37;Activity;806;39;100
37;Activity;806;34;100
37;Activity;806;22;100
37;Activity;806;20;100
37;Activity;807;267;100
37;Activity;807;257;100
37;Activity;807;255;100
37;Activity;807;229;100
37;Activity;807;227;100
37;Activity;807;202;100
37;Activity;807;200;100
37;Activity;807;199;100
37;Activity;807;197;100
37;Activity;807;195;100
37;Activity;807;194;100
37;Activity;807;180;100
37;Activity;807;119;100
37;Activity;807;90;100
37;Activity;807;87;100
37;Activity;807;77;100
37;Activity;807;66;100
37;Activity;807;53;100
37;Activity;807;47;100
37;Activity;807;42;100
37;Activity;807;40;100
37;Activity;807;39;100
37;Activity;807;34;100
37;Activity;807;22;100
37;Activity;807;20;100
37;Activity;808;267;100
37;Activity;808;257;100
37;Activity;808;255;100
37;Activity;808;229;100
37;Activity;808;227;100
37;Activity;808;202;100
37;Activity;808;200;100
37;Activity;808;199;100
37;Activity;808;197;100
37;Activity;808;195;100
37;Activity;808;194;100
37;Activity;808;180;100
37;Activity;808;119;100
37;Activity;808;90;100
37;Activity;808;87;100
37;Activity;808;77;100
37;Activity;808;66;100
37;Activity;808;53;100
37;Activity;808;47;100
37;Activity;808;42;100
37;Activity;808;40;100
37;Activity;808;39;100
37;Activity;808;34;100
37;Activity;808;22;100
37;Activity;808;20;100
37;Activity;809;267;100
37;Activity;809;257;100
37;Activity;809;255;100
37;Activity;809;229;100
37;Activity;809;227;100
37;Activity;809;202;100
37;Activity;809;200;100
37;Activity;809;199;100
37;Activity;809;197;100
37;Activity;809;195;100
37;Activity;809;194;100
37;Activity;809;180;100
37;Activity;809;119;100
37;Activity;809;90;100
37;Activity;809;87;100
37;Activity;809;77;100
37;Activity;809;66;100
37;Activity;809;53;100
37;Activity;809;47;100
37;Activity;809;42;100
37;Activity;809;40;100
37;Activity;809;39;100
37;Activity;809;34;100
37;Activity;809;22;100
37;Activity;809;20;100
37;Activity;810;267;100
37;Activity;810;257;100
37;Activity;810;255;100
37;Activity;810;229;100
37;Activity;810;227;100
37;Activity;810;202;100
37;Activity;810;200;100
37;Activity;810;199;100
37;Activity;810;197;100
37;Activity;810;195;100
37;Activity;810;194;100
37;Activity;810;180;100
37;Activity;810;119;100
37;Activity;810;90;100
37;Activity;810;87;100
37;Activity;810;77;100
37;Activity;810;66;100
37;Activity;810;53;100
37;Activity;810;47;100
37;Activity;810;42;100
37;Activity;810;40;100
37;Activity;810;39;100
37;Activity;810;34;100
37;Activity;810;22;100
37;Activity;810;20;100
37;Activity;811;267;100
37;Activity;811;257;100
37;Activity;811;255;100
37;Activity;811;229;100
37;Activity;811;227;100
37;Activity;811;202;100
37;Activity;811;200;100
37;Activity;811;199;100
37;Activity;811;197;100
37;Activity;811;195;100
37;Activity;811;194;100
37;Activity;811;180;100
37;Activity;811;119;100
37;Activity;811;90;100
37;Activity;811;87;100
37;Activity;811;77;100
37;Activity;811;66;100
37;Activity;811;53;100
37;Activity;811;47;100
37;Activity;811;42;100
37;Activity;811;40;100
37;Activity;811;39;100
37;Activity;811;34;100
37;Activity;811;22;100
37;Activity;811;20;100
